Burn Date,Air District,County,Air Basin,Acres Requested,Acres Burned,Latitude,Longitude,Legal Location,Agency,Burn Unit,Burn Type,Fuel Type,Total Tons
1/14/2012,Shasta County AQMD,Shasta,Sacramento Valley,60,60,40.9,-121.88,UNK,Individual,SMP not found,UNK,UNK,UNK
1/14/2012,Shasta County AQMD,Shasta,Sacramento Valley,60,60,40.9,-121.88,UNK,Individual,SMP not found,UNK,UNK,UNK
1/14/2012,Shasta County AQMD,Shasta,Sacramento Valley,60,60,40.989,-122.506,UNK,Individual,SMP not found,UNK,UNK,UNK
1/14/2012,Shasta County AQMD,Shasta,Sacramento Valley,61,61,40.695,-121.9,UNK,Individual,SMP not found,UNK,UNK,UNK
1/17/2012,Great Basin Unified APCD,Mono,Great Basin Valleys,UNK,121,37.78,-118.983,"T5N R18E S30,31",US Forest Service,9A,Broadcast,Natural,UNK
1/18/2012,Butte County AQMD,Butte,Sacramento Valley,UNK,21,39.571,-121.272,UNK,US Forest Service,Ponderos Service Contract Unit 77a,Hand Pile,Brush,UNK
1/18/2012,Placer County APCD,Placer,Mountain Counties,100,100,39.101,-120.574,UNK,US Forest Service,SMP not found,UNK,UNK,UNK
1/19/2012,Butte County AQMD,Butte,Sacramento Valley,UNK,0.5,39.91,-121.609,UNK,Sierra Pacific Industries,Forks,Broadcast,Natural,UNK
1/19/2012,Butte County AQMD,Butte,Sacramento Valley,UNK,40,39.571,-121.272,UNK,US Forest Service,Ponderos Service Contract Unit 77a,Hand Pile,Brush,UNK
1/19/2012,Butte County AQMD,Butte,Sacramento Valley,UNK,57,39.885,-121.61,UNK,Sierra Pacific Industries,Butte,Machine Pile,Slash,UNK
1/20/2012,Placer County APCD,Placer,Mountain Counties,44,20,39.179,-120.658,UNK,US Forest Service,SMP not found,UNK,UNK,UNK
1/23/2012,Great Basin Unified APCD,Inyo,Great Basin Valleys,UNK,4,36.587,-118.246,UNK,US Forest Service,South Inyo Piles,UNK,UNK,UNK
1/23/2012,Placer County APCD,Placer,Mountain Counties,12,12,39.179,-120.658,UNK,US Forest Service,SMP not found,UNK,UNK,UNK
1/24/2012,Placer County APCD,Placer,Lake Tahoe,5,2,39.144,-120.163,UNK,California State Parks,Talmont II/Tahoe Park Heights,Hand Pile,Slash,UNK
1/24/2012,Placer County APCD,Placer,Mountain Counties,10,2,39.043,-120.562,UNK,US Forest Service,SMP not found,UNK,UNK,UNK
1/25/2012,Placer County APCD,Placer,Lake Tahoe,5,2,39.144,-120.163,UNK,California State Parks,Talmont II/Tahoe Park Heights,Hand Pile,Slash,UNK
1/26/2012,Great Basin Unified APCD,Inyo,Great Basin Valleys,UNK,5,0,0,T 15 S. R 34 E. SEC. 35 AND 36,US Forest Service,Whitney Portal Project Piles,Hand Pile,UNK,UNK
1/26/2012,Placer County APCD,Placer,Lake Tahoe,5,2,39.144,-120.163,UNK,California State Parks,Talmont II/Tahoe Park Heights,Hand Pile,Slash,UNK
1/27/2012,Great Basin Unified APCD,Alpine,Great Basin Valleys,UNK,6,38.727,-119.788,UNK,Bureau of Land Management,SMP not found,UNK,UNK,UNK
1/27/2012,Great Basin Unified APCD,Inyo,Great Basin Valleys,UNK,20,0,0,T 15 S. R 34 E. SEC. 35 AND 36,US Forest Service,Whitney Portal Project Piles,Hand Pile,UNK,UNK
1/30/2012,Great Basin Unified APCD,Inyo,Great Basin Valleys,UNK,19,0,0,T 15 S. R 34 E. SEC. 35 AND 36,US Forest Service,Whitney Portal Project Piles,Hand Pile,UNK,UNK
1/30/2012,Great Basin Unified APCD,Mono,Great Basin Valleys,UNK,27,38.275,-119.106,UNK,US Forest Service,AC South Unit,Hand Pile,Slash,UNK
1/30/2012,Great Basin Unified APCD,Mono,Great Basin Valleys,UNK,71,38.267,-119.116,UNK,US Forest Service,Fulstone Meadow Unit,Hand Pile,Slash,UNK
1/30/2012,Great Basin Unified APCD,Mono,Great Basin Valleys,UNK,189,38.278,-119.111,UNK,US Forest Service,Geiger Draws Unit,Hand Pile,Slash,UNK
1/30/2012,Great Basin Unified APCD,Mono,Great Basin Valleys,UNK,195,38.182,-119.223,UNK,US Forest Service,Lower Summers West Unit,Hand Pile,Slash,UNK
1/30/2012,Placer County APCD,Placer,Lake Tahoe,3,1,39.144,-120.163,UNK,California State Parks,Talmont II/Tahoe Park Heights,Hand Pile,Slash,UNK
1/30/2012,Placer County APCD,Placer,Mountain Counties,10,1,39.043,-120.562,UNK,US Forest Service,SMP not found,UNK,UNK,UNK
1/31/2012,Great Basin Unified APCD,Mono,Great Basin Valleys,UNK,2,38.437,-119.486,UNK,US Forest Service,Mill Canyon Pile Burn,Hand Pile,Slash,UNK
1/31/2012,Great Basin Unified APCD,Mono,Great Basin Valleys,UNK,10,37.707,-118.914,UNK,US Forest Service,27F,Hand Pile,Slash,UNK
1/31/2012,Great Basin Unified APCD,Mono,Great Basin Valleys,UNK,402,38.169,-119.208,UNK,US Forest Service,Lower Summers East Unit,Hand Pile,Slash,UNK
1/31/2012,Placer County APCD,Placer,Lake Tahoe,2,2,39.144,-120.163,UNK,California State Parks,Talmont II/Tahoe Park Heights,Hand Pile,Slash,UNK
2/1/2012,Great Basin Unified APCD,Inyo,Great Basin Valleys,UNK,5,0,0,T 15 S. R 34 E. SEC. 35 AND 36,US Forest Service,Whitney Portal Project Piles,Hand Pile,UNK,UNK
2/1/2012,Great Basin Unified APCD,Mono,Great Basin Valleys,UNK,8.3,38.437,-119.486,UNK,US Forest Service,Mill Canyon Pile Burn,Hand Pile,Slash,UNK
2/1/2012,Great Basin Unified APCD,Mono,Great Basin Valleys,UNK,26,37.716,-118.945,UNK,US Forest Service,Lookout Unit 11D,Hand Pile,Slash,UNK
2/1/2012,Great Basin Unified APCD,Mono,Great Basin Valleys,UNK,35,37.707,-118.903,UNK,US Forest Service,23A,Hand Pile,Slash,UNK
2/1/2012,Great Basin Unified APCD,Mono,Great Basin Valleys,UNK,60,37.786,-119.028,T 15 S. R 34 E. SEC. 35 AND 36,US Forest Service,Hartley Piles,Hand Pile,Slash,UNK
2/1/2012,Placer County APCD,Placer,Mountain Counties,10,4,39.043,-120.562,UNK,US Forest Service,SMP not found,UNK,UNK,UNK
2/2/2012,Butte County AQMD,Butte,Sacramento Valley,UNK,0.25,39.788,-121.504,UNK,Yankee Hill Fire Safe Council,Cirby Creek-Concow Rd Section,Hand Pile,Brush,UNK
2/2/2012,Great Basin Unified APCD,Inyo,Great Basin Valleys,UNK,15,0,0,T 15 S. R 34 E. SEC. 35 AND 36,US Forest Service,Whitney Portal Project Piles,Hand Pile,UNK,UNK
2/2/2012,Placer County APCD,Placer,Mountain Counties,4,2,39.043,-120.562,UNK,US Forest Service,SMP not found,UNK,UNK,UNK
2/3/2012,Butte County AQMD,Butte,Sacramento Valley,UNK,0.25,39.788,-121.504,UNK,Yankee Hill Fire Safe Council,Cirby Creek-Concow Rd Section,Hand Pile,Brush,UNK
2/3/2012,El Dorado County AQMD,El Dorado,Lake Tahoe,2,3,39.017,-120.125,UNK,California State Parks,Sugar Pine State Park,Hand Pile,Slash,UNK
2/4/2012,Great Basin Unified APCD,Mono,Great Basin Valleys,UNK,67,37.786,-119.028,UNK,US Forest Service,Hartley Piles,Hand Pile,Slash,UNK
2/4/2012,Great Basin Unified APCD,Mono,Great Basin Valleys,UNK,104,37.707,-118.903,UNK,US Forest Service,23A,Hand Pile,Slash,UNK
2/6/2012,Butte County AQMD,Butte,Sacramento Valley,UNK,0.25,39.788,-121.504,"Township 1 South Range 28 East Sections 15,16,21",Yankee Hill Fire Safe Council,Cirby Creek-Concow Rd Section,Hand Pile,Brush,UNK
2/6/2012,El Dorado County AQMD,El Dorado,Lake Tahoe,2,1,39.009,-120.121,UNK,California State Parks,Crest Dr.,Hand Pile,Brush,UNK
2/6/2012,El Dorado County AQMD,El Dorado,Lake Tahoe,2,2,39.009,-120.121,UNK,California State Parks,Crest Dr.,Hand Pile,Brush,UNK
2/6/2012,Great Basin Unified APCD,Inyo,Great Basin Valleys,UNK,14,0,0,T 15 S. R 34 E. SEC. 35 AND 36,US Forest Service,Whitney Portal Project Piles,UNK,UNK,UNK
2/6/2012,Great Basin Unified APCD,Mono,Great Basin Valleys,UNK,20,38.437,-119.486,"Township 1 South Range 28 East Sections 15,16,21",US Forest Service,Mill Canyon Pile Burn,Hand Pile,Slash,UNK
2/6/2012,Great Basin Unified APCD,Mono,Great Basin Valleys,UNK,80,37.852,-118.887,"Township 1 South Range 28 East Sections 15,16,21",US Forest Service,Spitfire Piles,UNK,UNK,UNK
2/7/2012,Butte County AQMD,Butte,Sacramento Valley,UNK,0.25,39.788,-121.504,"Township 1 South Range 28 East Sections 15,16,21",Yankee Hill Fire Safe Council,Cirby Creek-Concow Rd Section,Hand Pile,Brush,UNK
2/7/2012,Butte County AQMD,Butte,Sacramento Valley,UNK,10,39.571,-121.272,"Township 1 South Range 28 East Sections 15,16,21",US Forest Service,Ponderos Service Contract Unit 77a,Hand Pile,Brush,UNK
2/7/2012,El Dorado County AQMD,El Dorado,Lake Tahoe,2,2,39.009,-120.121,"Township 1 South Range 28 East Sections 15,16,21",California State Parks,Crest Dr.,Hand Pile,Brush,UNK
2/7/2012,Great Basin Unified APCD,Mono,Great Basin Valleys,UNK,10,38.437,-119.486,"Township 1 South Range 28 East Sections 15,16,21",US Forest Service,Mill Canyon Pile Burn,Hand Pile,Slash,UNK
2/7/2012,Great Basin Unified APCD,Inyo,Great Basin Valleys,UNK,22,36.623,-118.067,UNK,Cal Fire,395,Broadcast,Natural,UNK
2/7/2012,Great Basin Unified APCD,Mono,Great Basin Valleys,UNK,60,38.266,-119.136,UNK,US Forest Service,Fulstone RX - Bodie Hills Pile RX Plan,UNK,UNK,UNK
2/8/2012,Butte County AQMD,Butte,Sacramento Valley,UNK,15,39.571,-121.272,"Township 1 South Range 28 East Sections 15,16,21",US Forest Service,Ponderos Service Contract Unit 77a,Hand Pile,Brush,UNK
2/8/2012,El Dorado County AQMD,El Dorado,Lake Tahoe,1,1,39.009,-120.121,"Township 1 South Range 28 East Sections 15,16,21",California State Parks,Crest Dr.,Hand Pile,Brush,UNK
2/8/2012,Great Basin Unified APCD,Mono,Great Basin Valleys,UNK,28,38.437,-119.486,"Township 1 South Range 28 East Sections 15,16,21",US Forest Service,Mill Canyon Pile Burn,Hand Pile,Slash,UNK
2/9/2012,Butte County AQMD,Butte,Sacramento Valley,UNK,0.25,39.788,-121.504,"Township 1 South Range 28 East Sections 15,16,21",Yankee Hill Fire Safe Council,Cirby Creek-Concow Rd Section,Hand Pile,Brush,UNK
2/10/2012,Butte County AQMD,Butte,Sacramento Valley,UNK,0.25,39.788,-121.504,UNK,Yankee Hill Fire Safe Council,Cirby Creek-Concow Rd Section,Hand Pile,Brush,UNK
2/13/2012,Butte County AQMD,Butte,Sacramento Valley,UNK,0.25,39.788,-121.504,UNK,Yankee Hill Fire Safe Council,Cirby Creek-Concow Rd Section,Hand Pile,Brush,UNK
2/14/2012,Great Basin Unified APCD,Alpine,Great Basin Valleys,UNK,31,38.727,-119.788,UNK,Bureau of Land Management,SMP not found,UNK,UNK,UNK
2/15/2012,Butte County AQMD,Butte,Sacramento Valley,UNK,0.25,39.788,-121.504,UNK,Yankee Hill Fire Safe Council,Cirby Creek-Concow Rd Section,Hand Pile,Brush,UNK
2/15/2012,Butte County AQMD,Butte,Sacramento Valley,UNK,5,39.537,-121.285,"Township 1 South Range 28 East Sections 15,16,21",US Forest Service,Ponderosa Service Contract Unit 72,Hand Pile,Brush,UNK
2/15/2012,Great Basin Unified APCD,Mono,Great Basin Valleys,UNK,12,38.437,-119.486,T 15 S. R 34 E. SEC. 35 AND 36,US Forest Service,Mill Canyon Pile Burn,Hand Pile,Slash,UNK
2/15/2012,Placer County APCD,Placer,Mountain Counties,10,2,39.043,-120.562,UNK,US Forest Service,SMP not found,UNK,UNK,UNK
2/16/2012,Butte County AQMD,Butte,Sacramento Valley,UNK,0.25,39.788,-121.504,T 15 S. R 34 E. SEC. 35 AND 36,Yankee Hill Fire Safe Council,Cirby Creek-Concow Rd Section,Hand Pile,Brush,UNK
2/16/2012,Great Basin Unified APCD,Inyo,Great Basin Valleys,UNK,5,0,0,T 15 S. R 34 E. SEC. 35 AND 36,US Forest Service,Whitney Portal Project Piles,Hand Pile,UNK,UNK
2/16/2012,Great Basin Unified APCD,Mono,Great Basin Valleys,UNK,101,38.608,-119.592,UNK,US Forest Service,SV Unit 5,Hand Pile,Slash,UNK
2/16/2012,Great Basin Unified APCD,Mono,Great Basin Valleys,UNK,125,38.608,-119.592,UNK,US Forest Service,SV Unit 6,Hand Pile,Slash,UNK
2/16/2012,Great Basin Unified APCD,Mono,Great Basin Valleys,UNK,213,38.608,-119.592,UNK,US Forest Service,SV Unit 7,Hand Pile,Slash,UNK
2/16/2012,Placer County APCD,Placer,Mountain Counties,5,5,39.043,-120.562,UNK,US Forest Service,SMP not found,UNK,UNK,UNK
2/17/2012,Butte County AQMD,Butte,Sacramento Valley,UNK,0.25,39.788,-121.504,T 15 S. R 34 E. SEC. 35 AND 36,Yankee Hill Fire Safe Council,Cirby Creek-Concow Rd Section,Hand Pile,Brush,UNK
2/21/2012,Butte County AQMD,Butte,Sacramento Valley,UNK,0.25,39.788,-121.504,UNK,Yankee Hill Fire Safe Council,Cirby Creek-Concow Rd Section,Hand Pile,Brush,UNK
2/21/2012,Great Basin Unified APCD,Inyo,Great Basin Valleys,UNK,34,36.596,-118.046,UNK,Cal Fire,Airport Burn,Broadcast,Natural,UNK
2/22/2012,Butte County AQMD,Butte,Sacramento Valley,UNK,0.25,39.788,-121.504,UNK,Yankee Hill Fire Safe Council,Cirby Creek-Concow Rd Section,Hand Pile,Brush,UNK
2/23/2012,Butte County AQMD,Butte,Sacramento Valley,UNK,0.25,39.788,-121.504,UNK,Yankee Hill Fire Safe Council,Cirby Creek-Concow Rd Section,Hand Pile,Brush,UNK
2/23/2012,El Dorado County AQMD,El Dorado,Lake Tahoe,4,4,39.062,-120.138,UNK,California State Parks,General Creek,Hand Pile,Slash,UNK
2/27/2012,Great Basin Unified APCD,Mono,Great Basin Valleys,8,8,37.783,-118.978,UNK,US Forest Service,FY12 Aquaduct Crestview piles unit 19B,Hand Pile,Slash,UNK
2/27/2012,Great Basin Unified APCD,Mono,Great Basin Valleys,29,29,37.783,-118.983,UNK,US Forest Service,FY12 Aquaduct Crestview piles unit 2A,Hand Pile,Slash,UNK
2/27/2012,Great Basin Unified APCD,Mono,Great Basin Valleys,29,29,37.783,-118.983,UNK,US Forest Service,FY12 Aquaduct Crestview piles unit 2A,Hand Pile,Slash,UNK
2/27/2012,Great Basin Unified APCD,Mono,Great Basin Valleys,29,29,37.791,-118.971,UNK,US Forest Service,1A,Hand Pile,Slash,UNK
2/27/2012,Great Basin Unified APCD,Mono,Great Basin Valleys,38,38,37.797,-118.971,UNK,US Forest Service,FY12 Aquaduct Crestview piles unit 17A,Hand Pile,Slash,UNK
2/27/2012,Great Basin Unified APCD,Mono,Great Basin Valleys,38,38,37.794,-118.974,UNK,US Forest Service,FY12 Aquaduct Crestview Piles unit 17C,Hand Pile,Slash,UNK
2/27/2012,Great Basin Unified APCD,Mono,Great Basin Valleys,58,58,37.79,-118.974,UNK,US Forest Service,FY12 Aquaduct Crestview Piles unit 18D,Hand Pile,Slash,UNK
2/28/2012,Placer County APCD,Placer,Mountain Counties,10,10,39.043,-120.562,UNK,US Forest Service,SMP not found,UNK,UNK,UNK
3/1/2012,Butte County AQMD,Butte,Sacramento Valley,UNK,0.25,39.788,-121.504,UNK,Yankee Hill Fire Safe Council,Cirby Creek-Concow Rd Section,Hand Pile,Brush,UNK
3/1/2012,Great Basin Unified APCD,Alpine,Great Basin Valleys,14,14,38.727,-119.788,UNK,Bureau of Land Management,SMP not found,UNK,UNK,UNK
3/2/2012,Butte County AQMD,Butte,Sacramento Valley,UNK,0.25,39.788,-121.504,UNK,Yankee Hill Fire Safe Council,Cirby Creek-Concow Rd Section,Hand Pile,Brush,UNK
3/5/2012,Great Basin Unified APCD,Mono,Great Basin Valleys,20,8,38.437,-119.486,UNK,US Forest Service,Mill Canyon Pile Burn,Hand Pile,Slash,UNK
3/6/2012,Great Basin Unified APCD,Mono,Great Basin Valleys,20,5,38.437,-119.486,UNK,US Forest Service,Mill Canyon Pile Burn,Hand Pile,Slash,UNK
3/7/2012,Butte County AQMD,Butte,Sacramento Valley,UNK,0.25,39.788,-121.504,UNK,Yankee Hill Fire Safe Council,Cirby Creek-Concow Rd Section,Hand Pile,Brush,UNK
3/7/2012,Placer County APCD,Placer,Lake Tahoe,4,4,39.111,-120.161,UNK,California State Parks,Eagle Rock,Hand Pile,Slash,UNK
3/8/2012,El Dorado County AQMD,El Dorado,Mountain Counties,3,3,38.606,-120.513,UNK,Leoni Meadows Camp,Leoni Meadows,UNK,UNK,UNK
3/8/2012,Placer County APCD,Placer,Lake Tahoe,4,2,39.111,-120.161,UNK,California State Parks,Eagle Rock,Hand Pile,Slash,UNK
3/9/2012,Butte County AQMD,Butte,Sacramento Valley,UNK,0.25,39.788,-121.504,UNK,Yankee Hill Fire Safe Council,Cirby Creek-Concow Rd Section,Hand Pile,Brush,UNK
3/12/2012,El Dorado County AQMD,El Dorado,Mountain Counties,15,18,38.606,-120.513,UNK,Leoni Meadows Camp,Leoni Meadows,UNK,UNK,UNK
3/12/2012,Great Basin Unified APCD,Inyo,Great Basin Valleys,132,5,36.599,-118.214,UNK,US Forest Service,Hogback,Broadcast,Natural,UNK
3/14/2012,Butte County AQMD,Butte,Sacramento Valley,UNK,1,39.788,-121.504,UNK,Yankee Hill Fire Safe Council,Cirby Creek-Concow Rd Section,Hand Pile,Brush,UNK
3/19/2012,Butte County AQMD,Butte,Sacramento Valley,UNK,0.25,39.788,-121.504,"T22 R4 S2,3",Yankee Hill Fire Safe Council,Cirby Creek-Concow Rd Section,Hand Pile,Brush,UNK
3/19/2012,Great Basin Unified APCD,Mono,Great Basin Valleys,12,6,38.041,-119.149,"T22 R4 S2,3",US Forest Service,Mono City Fuelbreak Piles,UNK,UNK,UNK
3/20/2012,Butte County AQMD,Butte,Sacramento Valley,UNK,0.25,39.788,-121.504,T16N R16E S31,Yankee Hill Fire Safe Council,Cirby Creek-Concow Rd Section,Hand Pile,Brush,UNK
3/20/2012,Great Basin Unified APCD,Mono,Great Basin Valleys,UNK,6,38.041,-119.149,T16N R16E S31,US Forest Service,Mono City Fuelbreak Piles,UNK,UNK,UNK
3/21/2012,Butte County AQMD,Butte,Sacramento Valley,UNK,0.25,39.788,-121.504,T16N R16E S31,Yankee Hill Fire Safe Council,Cirby Creek-Concow Rd Section,Hand Pile,Brush,UNK
3/28/2012,El Dorado County AQMD,El Dorado,Mountain Counties,2,2,38.606,-120.513,UNK,Leoni Meadows Camp,Leoni Meadows,UNK,UNK,UNK
3/29/2012,Great Basin Unified APCD,Inyo,Great Basin Valleys,UNK,11,36.599,-118.214,UNK,US Forest Service,Hogback,Broadcast,Natural,UNK
4/3/2012,Butte County AQMD,Butte,Sacramento Valley,UNK,10,39.537,-121.285,UNK,US Forest Service,Ponderosa Service Contract Unit 72,Hand Pile,Brush,UNK
4/10/2012,El Dorado County AQMD,El Dorado,Mountain Counties,2,2,38.606,-120.513,UNK,Leoni Meadows Camp,Leoni Meadows,UNK,UNK,UNK
4/17/2012,Great Basin Unified APCD,Alpine,Great Basin Valleys,25,25,38.722,-119.809,UNK,Bureau of Land Management,SMP not found,UNK,UNK,UNK
4/20/2012,El Dorado County AQMD,El Dorado,Mountain Counties,2,2,38.606,-120.513,UNK,Leoni Meadows Camp,Leoni Meadows,UNK,UNK,UNK
4/20/2012,Great Basin Unified APCD,Alpine,Great Basin Valleys,UNK,15,38.697,-119.829,UNK,US Forest Service,SMP not found,UNK,UNK,UNK
4/23/2012,El Dorado County AQMD,El Dorado,Mountain Counties,10,8,38.606,-120.513,UNK,Leoni Meadows Camp,Leoni Meadows,UNK,UNK,UNK
4/23/2012,Feather River AQMD,Yuba,Sacramento Valley,UNK,55,39.502,-121.229,UNK,US Forest Service,Slapjack Unit 30,Broadcast,Natural,UNK
4/24/2012,El Dorado County AQMD,El Dorado,Mountain Counties,6,5,38.606,-120.513,UNK,Leoni Meadows Camp,Leoni Meadows,UNK,UNK,UNK
4/25/2012,El Dorado County AQMD,El Dorado,Mountain Counties,5,2,38.606,-120.513,UNK,Leoni Meadows Camp,Leoni Meadows,UNK,UNK,UNK
4/30/2012,El Dorado County AQMD,El Dorado,Mountain Counties,4,1,38.606,-120.513,UNK,Leoni Meadows Camp,Leoni Meadows,UNK,UNK,UNK
4/30/2012,Great Basin Unified APCD,Mono,Great Basin Valleys,UNK,3,37.737,-118.96,UNK,US Forest Service,11A,Broadcast,Natural,UNK
4/30/2012,Great Basin Unified APCD,Mono,Great Basin Valleys,UNK,98,37.737,-118.96,UNK,US Forest Service,29C,Broadcast,Natural,UNK
5/1/2012,Great Basin Unified APCD,Alpine,Great Basin Valleys,18,18,38.697,-119.829,UNK,US Forest Service,SMP not found,UNK,UNK,UNK
5/2/2012,El Dorado County AQMD,El Dorado,Mountain Counties,1,1,38.606,-120.513,UNK,Leoni Meadows Camp,Leoni Meadows,UNK,UNK,UNK
5/3/2012,El Dorado County AQMD,El Dorado,Mountain Counties,1,1,38.606,-120.513,UNK,Leoni Meadows Camp,Leoni Meadows,UNK,UNK,UNK
5/4/2012,El Dorado County AQMD,El Dorado,Mountain Counties,1,0.5,38.606,-120.513,UNK,Leoni Meadows Camp,Leoni Meadows,UNK,UNK,UNK
5/7/2012,El Dorado County AQMD,El Dorado,Mountain Counties,1,0.5,38.606,-120.513,UNK,Leoni Meadows Camp,Leoni Meadows,UNK,UNK,UNK
5/7/2012,El Dorado County AQMD,El Dorado,Mountain Counties,1,1,38.606,-120.513,UNK,Leoni Meadows Camp,Leoni Meadows,UNK,UNK,UNK
5/14/2012,El Dorado County AQMD,El Dorado,Mountain Counties,2,1,38.606,-120.513,UNK,Leoni Meadows Camp,Leoni Meadows,UNK,UNK,UNK
5/15/2012,El Dorado County AQMD,El Dorado,Mountain Counties,1,1,38.606,-120.513,UNK,Leoni Meadows Camp,Leoni Meadows,UNK,UNK,UNK
5/16/2012,El Dorado County AQMD,El Dorado,Mountain Counties,1,1,38.606,-120.513,UNK,Leoni Meadows Camp,Leoni Meadows,UNK,UNK,UNK
5/17/2012,El Dorado County AQMD,El Dorado,Mountain Counties,2,2,38.606,-120.513,UNK,Leoni Meadows Camp,Leoni Meadows,UNK,UNK,UNK
5/18/2012,El Dorado County AQMD,El Dorado,Mountain Counties,2,1,38.606,-120.513,UNK,Leoni Meadows Camp,Leoni Meadows,UNK,UNK,UNK
10/7/2012,Great Basin Unified APCD,Inyo,Great Basin Valleys,1,1,36.869,-118.159,T22 R2E S35,County of Inyo,Lower Owens River Project,UNK,UNK,UNK
10/11/2012,Sacramento Metro AQMD/Sac County Ag,Sacramento,Sacramento Valley,UNK,37,38.339,-121.493,UNK,US Fish and Wildlife Services,Marsh 8,Broadcast,Natural,UNK
10/23/2012,El Dorado County AQMD,El Dorado,Lake Tahoe,2,2,38.853,-120.035,UNK,Lake Valley Fire Protection District,West San Berdo,Hand Pile,Slash,UNK
10/24/2012,Placer County APCD,Placer,Mountain Counties,1,0.25,39.065,-120.973,UNK,Cal Fire,Mt Howell Burn,UNK,UNK,UNK
10/24/2012,Placer County APCD,Placer,Lake Tahoe,3,5,39.194,-120.242,UNK,California State Parks,Burton Creek State Park Burn Piles,Hand Pile,Natural,UNK
10/25/2012,Placer County APCD,Placer,Lake Tahoe,3,3,39.194,-120.242,UNK,California State Parks,Burton Creek State Park Burn Piles,Hand Pile,Natural,UNK
10/26/2012,El Dorado County AQMD,El Dorado,Lake Tahoe,0.5,0.25,39.032,-120.121,UNK,US Forest Service,Rubicon ULM,Hand Pile,Natural,UNK
10/26/2012,El Dorado County AQMD,El Dorado,Lake Tahoe,UNK,0.25,38.934,-120.076,UNK,US Forest Service,SMP not found,UNK,UNK,UNK
10/26/2012,Placer County APCD,Placer,Lake Tahoe,2,2,39.189,-120.096,UNK,Cal Fire,Spring 2012,Hand Pile,Slash,UNK
10/28/2012,Great Basin Unified APCD,Alpine,Great Basin Valleys,10,8,38.456,-119.564,UNK,US Forest Service,SMP not found,UNK,UNK,UNK
10/29/2012,El Dorado County AQMD,El Dorado,Mountain Counties,3,1.5,38.606,-120.513,UNK,Leoni Meadows Camp,Leoni Meadows,UNK,UNK,UNK
10/29/2012,El Dorado County AQMD,El Dorado,Mountain Counties,10,10,38.712,-120.594,UNK,California State Parks,Sly Park Hotshot Base & Sierra Springs Guard Station,Hand Pile,Natural,50
10/29/2012,El Dorado County AQMD,El Dorado,Mountain Counties,25,25,38.596,-120.249,UNK,US Forest Service,Lost Horse Understory,UNK,UNK,UNK
10/29/2012,El Dorado County AQMD,El Dorado,Mountain Counties,25,25,38.579,-120.267,UNK,US Forest Service,Lost Horse Understory,UNK,UNK,UNK
10/29/2012,El Dorado County AQMD,El Dorado,Mountain Counties,138,125,38.669,-120.237,UNK,California State Parks,Alder,Machine Pile,Slash,UNK
10/29/2012,Great Basin Unified APCD,Alpine,Great Basin Valleys,5,1,38.462,-120.053,UNK,US Forest Service,Bloods Ridge,Hand Pile,Natural,UNK
10/29/2012,Great Basin Unified APCD,Alpine,Great Basin Valleys,5,2,38.456,-119.564,UNK,US Forest Service,SMP not found,UNK,UNK,UNK
10/29/2012,Great Basin Unified APCD,Alpine,Great Basin Valleys,5,2,38.48,-120.007,UNK,US Forest Service,Lake Alpine RAC,Hand Pile,Natural,UNK
10/29/2012,Placer County APCD,Placer,Lake Tahoe,2,1,39.134,-120.161,UNK,US Forest Service,Timberland,Hand Pile,Slash,UNK
10/29/2012,Placer County APCD,Placer,Lake Tahoe,3,2,39.124,-120.164,UNK,US Forest Service,SMP not found,UNK,UNK,UNK
10/30/2012,El Dorado County AQMD,El Dorado,Lake Tahoe,0.5,0.5,38.843,-120.029,UNK,US Forest Service,SMP not found,UNK,UNK,UNK
10/30/2012,El Dorado County AQMD,El Dorado,Mountain Counties,3,1,38.606,-120.513,UNK,Leoni Meadows Camp,Leoni Meadows,UNK,UNK,UNK
10/30/2012,El Dorado County AQMD,El Dorado,Mountain Counties,10,10,38.712,-120.594,UNK,California State Parks,Sly Park Hotshot Base & Sierra Springs Guard Station,Hand Pile,Natural,50
10/30/2012,El Dorado County AQMD,El Dorado,Mountain Counties,138,138,38.669,-120.237,UNK,California State Parks,Alder,Machine Pile,Slash,UNK
10/30/2012,Great Basin Unified APCD,Alpine,Great Basin Valleys,4,2,38.48,-120.007,UNK,US Forest Service,Lake Alpine RAC,Hand Pile,Natural,UNK
10/30/2012,Great Basin Unified APCD,Alpine,Great Basin Valleys,4,4,38.462,-120.053,UNK,US Forest Service,Bloods Ridge,Hand Pile,Natural,UNK
10/30/2012,Great Basin Unified APCD,Alpine,Great Basin Valleys,5,8,38.456,-119.564,UNK,US Forest Service,SMP not found,UNK,UNK,UNK
10/30/2012,Placer County APCD,Placer,Lake Tahoe,3,1,39.134,-120.161,UNK,US Forest Service,Timberland,Hand Pile,Slash,UNK
10/31/2012,Butte County AQMD,Butte,Sacramento Valley,20,7.5,39.907,-121.595,UNK,Sierra Pacific Industries,SMP not found,UNK,UNK,UNK
10/31/2012,Butte County AQMD,Butte,Sacramento Valley,20,7.5,39.907,-121.595,UNK,Sierra Pacific Industries,SMP not found,UNK,UNK,UNK
10/31/2012,El Dorado County AQMD,El Dorado,Mountain Counties,2,0.5,38.606,-120.513,UNK,Leoni Meadows Camp,Leoni Meadows,UNK,UNK,UNK
10/31/2012,El Dorado County AQMD,El Dorado,Mountain Counties,10,10,38.712,-120.594,UNK,California State Parks,Sly Park Hotshot Base & Sierra Springs Guard Station,Hand Pile,Natural,50
10/31/2012,El Dorado County AQMD,El Dorado,Mountain Counties,377,60,38.72,-120.215,UNK,California State Parks,Silver Saddle,Machine Pile,Slash,900
10/31/2012,Feather River AQMD,Yuba,Sacramento Valley,UNK,4,39.397,-121.147,UNK,US Forest Service,Feather River Pile Burn Yuba County,UNK,UNK,UNK
10/31/2012,Great Basin Unified APCD,Alpine,Great Basin Valleys,3,1,38.48,-120.007,UNK,US Forest Service,Lake Alpine RAC,Hand Pile,Natural,UNK
11/1/2012,Butte County AQMD,Butte,Sacramento Valley,UNK,52,39.581,-121.159,UNK,Soper-Wheeler Company LLC,South Moorville,Machine Pile,Slash,UNK
11/1/2012,El Dorado County AQMD,El Dorado,Lake Tahoe,3,2,38.934,-120.076,UNK,US Forest Service,SMP not found,UNK,UNK,UNK
11/1/2012,El Dorado County AQMD,El Dorado,Mountain Counties,10,10,38.712,-120.594,UNK,California State Parks,Sly Park Hotshot Base & Sierra Springs Guard Station,Hand Pile,Natural,50
11/1/2012,El Dorado County AQMD,El Dorado,Mountain Counties,377,150,38.72,-120.215,UNK,California State Parks,Silver Saddle,Machine Pile,Slash,2250
11/1/2012,Great Basin Unified APCD,Alpine,Great Basin Valleys,3,2,38.48,-120.007,UNK,US Forest Service,Lake Alpine RAC,Hand Pile,Natural,UNK
11/1/2012,Great Basin Unified APCD,Alpine,Great Basin Valleys,5,4,38.456,-119.564,UNK,US Forest Service,SMP not found,UNK,UNK,UNK
11/1/2012,Placer County APCD,Placer,Lake Tahoe,3,0.5,39.134,-120.161,UNK,US Forest Service,Timberland,Hand Pile,Slash,UNK
11/1/2012,Placer County APCD,Placer,Mountain Counties,10,3,39.3,-120.38,UNK,US Forest Service,USFS-TKRD-Donner Summit Piles,Hand Pile,Natural,UNK
11/1/2012,Placer County APCD,Placer,Lake Tahoe,5,5,39.249,-120.034,UNK,North Lake Tahoe Fire Protection District,Kingswood Estates HOA,Hand Pile,Slash,UNK
11/2/2012,El Dorado County AQMD,El Dorado,Lake Tahoe,3,3,38.934,-120.076,UNK,US Forest Service,SMP not found,UNK,UNK,UNK
11/2/2012,El Dorado County AQMD,El Dorado,Mountain Counties,10,10,38.712,-120.594,UNK,California State Parks,Sly Park Hotshot Base & Sierra Springs Guard Station,Hand Pile,Natural,50
11/2/2012,El Dorado County AQMD,El Dorado,Mountain Counties,377,150,38.72,-120.215,UNK,California State Parks,Silver Saddle,Machine Pile,Slash,2250
11/2/2012,Placer County APCD,Placer,Lake Tahoe,0.05,0.05,39.177,-120.143,UNK,US Forest Service,Bunker ULM,Hand Pile,Slash,UNK
11/2/2012,Placer County APCD,Placer,Mountain Counties,0.5,0.25,39.065,-120.973,UNK,Cal Fire,Mt Howell Burn,UNK,UNK,UNK
11/5/2012,Butte County AQMD,Butte,Sacramento Valley,UNK,20,39.91,-121.696,UNK,Individual,Big Chico Creek,Broadcast,Natural,30
11/5/2012,Tehama County APCD,Tehama,Sacramento Valley,20.011,20.011,40.197,-121.605,UNK,Sierra Pacific Industries,SMP not found,UNK,UNK,UNK
11/6/2012,Tehama County APCD,Tehama,Sacramento Valley,19,11,40.181,-121.603,UNK,Sierra Pacific Industries,SMP not found,UNK,UNK,UNK
11/6/2012,Tehama County APCD,Tehama,Sacramento Valley,14,14,40.126,-121.609,UNK,Sierra Pacific Industries,SMP not found,UNK,UNK,UNK
11/7/2012,El Dorado County AQMD,El Dorado,Mountain Counties,5,3,38.606,-120.513,UNK,Leoni Meadows Camp,Leoni Meadows,UNK,UNK,UNK
11/7/2012,El Dorado County AQMD,El Dorado,Lake Tahoe,5,5,38.934,-120.076,UNK,US Forest Service,SMP not found,UNK,UNK,UNK
11/7/2012,Glenn County APCD,Glenn,Sacramento Valley,105,105,39.686,-122.709,UNK,US Forest Service,SMP not found,UNK,UNK,UNK
11/7/2012,Placer County APCD,Placer,Mountain Counties,210,50,39.096,-120.571,UNK,US Forest Service,SMP not found,UNK,UNK,UNK
11/7/2012,Tehama County APCD,Tehama,Sacramento Valley,20.011,2,40.197,-121.605,UNK,Sierra Pacific Industries,SMP not found,UNK,UNK,UNK
11/7/2012,Tehama County APCD,Tehama,Sacramento Valley,14,14,40.126,-121.609,UNK,Sierra Pacific Industries,SMP not found,UNK,UNK,UNK
11/8/2012,Butte County AQMD,Butte,Sacramento Valley,UNK,54,39.581,-121.159,UNK,Soper-Wheeler Company LLC,South Moorville,Machine Pile,Slash,UNK
11/8/2012,El Dorado County AQMD,El Dorado,Mountain Counties,5,2,38.606,-120.513,UNK,Leoni Meadows Camp,Leoni Meadows,UNK,UNK,UNK
11/8/2012,Great Basin Unified APCD,Alpine,Great Basin Valleys,2,2,38.48,-120.007,UNK,US Forest Service,Lake Alpine RAC,Hand Pile,Natural,UNK
11/9/2012,Butte County AQMD,Butte,Sacramento Valley,6,6,39.934,-121.532,UNK,Sierra Pacific Industries,SMP not found,UNK,UNK,UNK
11/9/2012,Butte County AQMD,Butte,Sacramento Valley,6,6,39.926,-121.53,UNK,Sierra Pacific Industries,SMP not found,UNK,UNK,UNK
11/9/2012,Great Basin Unified APCD,Alpine,Great Basin Valleys,4,4,38.48,-120.007,UNK,US Forest Service,Lake Alpine RAC,Hand Pile,Natural,UNK
11/9/2012,Northern Sierra AQMD,Plumas,Mountain Counties,6,6,39.937,-120.86,UNK,US Forest Service,American Valley,Hand Pile,Mixed Conifer,UNK
11/9/2012,Tehama County APCD,Tehama,Sacramento Valley,3,3,40.003,-121.637,UNK,Sierra Pacific Industries,SMP not found,UNK,UNK,UNK
11/9/2012,Tehama County APCD,Tehama,Sacramento Valley,4,4,40.011,-121.643,UNK,Sierra Pacific Industries,SMP not found,UNK,UNK,UNK
11/9/2012,Tehama County APCD,Tehama,Sacramento Valley,4,4,40.005,-121.651,UNK,Sierra Pacific Industries,SMP not found,UNK,UNK,UNK
11/9/2012,Tehama County APCD,Tehama,Sacramento Valley,4,4,40,-121.648,UNK,Sierra Pacific Industries,SMP not found,UNK,UNK,UNK
11/10/2012,Butte County AQMD,Butte,Sacramento Valley,21.356,12,39.883,-121.513,UNK,Sierra Pacific Industries,SMP not found,UNK,UNK,UNK
11/10/2012,Butte County AQMD,Butte,Sacramento Valley,21.076,12,39.88,-121.518,UNK,Sierra Pacific Industries,SMP not found,UNK,UNK,UNK
11/10/2012,Butte County AQMD,Butte,Sacramento Valley,19.585,20,39.891,-121.518,UNK,Sierra Pacific Industries,SMP not found,UNK,UNK,UNK
11/10/2012,El Dorado County AQMD,El Dorado,Lake Tahoe,3,3,38.936,-120.072,UNK,US Forest Service,SMP not found,UNK,UNK,UNK
11/11/2012,Butte County AQMD,Butte,Sacramento Valley,8,8,39.933,-121.524,UNK,Sierra Pacific Industries,SMP not found,UNK,UNK,UNK
11/11/2012,El Dorado County AQMD,El Dorado,Mountain Counties,20,3,38.704,-120.497,UNK,US Forest Service,Marshall Mine,Machine Pile,Slash,UNK
11/11/2012,Placer County APCD,Placer,Mountain Counties,10,8,39.043,-120.562,UNK,US Forest Service,SMP not found,UNK,UNK,UNK
11/12/2012,Butte County AQMD,Butte,Sacramento Valley,10,10,39.902,-121.5,UNK,Sierra Pacific Industries,SMP not found,UNK,UNK,UNK
11/12/2012,Butte County AQMD,Butte,Sacramento Valley,10,10,39.909,-121.499,UNK,Sierra Pacific Industries,SMP not found,UNK,UNK,UNK
11/12/2012,Butte County AQMD,Butte,Sacramento Valley,15,15,39.926,-121.53,UNK,Sierra Pacific Industries,SMP not found,UNK,UNK,UNK
11/12/2012,Butte County AQMD,Butte,Sacramento Valley,UNK,19.892,39.933,-121.524,UNK,Sierra Pacific Industries,SMP not found,UNK,UNK,UNK
11/12/2012,Placer County APCD,Placer,Mountain Counties,8,3,39.043,-120.562,UNK,US Forest Service,SMP not found,UNK,UNK,UNK
11/13/2012,Butte County AQMD,Butte,Sacramento Valley,UNK,12,39.902,-121.5,UNK,Sierra Pacific Industries,SMP not found,UNK,UNK,UNK
11/13/2012,Butte County AQMD,Butte,Sacramento Valley,UNK,15,39.883,-121.513,UNK,Sierra Pacific Industries,SMP not found,UNK,UNK,UNK
11/13/2012,El Dorado County AQMD,El Dorado,Lake Tahoe,2,1.5,38.989,-120.1,UNK,California State Parks,DL Bliss State Park burn piles,Hand Pile,Slash,UNK
11/13/2012,El Dorado County AQMD,El Dorado,Lake Tahoe,3,2,38.951,-120.109,UNK,California State Parks,Emerald Bay / So. Bliss burn piles,Hand Pile,Slash,UNK
11/13/2012,El Dorado County AQMD,El Dorado,Mountain Counties,3,2,38.606,-120.513,UNK,Leoni Meadows Camp,Leoni Meadows,UNK,UNK,UNK
11/13/2012,El Dorado County AQMD,El Dorado,Mountain Counties,5,5,38.711,-120.592,UNK,US Forest Service,Sly Park,Broadcast,Natural,UNK
11/13/2012,El Dorado County AQMD,El Dorado,Mountain Counties,66,8,38.91,-120.53,UNK,US Forest Service,Hartless Unit 21,Machine,Slash,UNK
11/13/2012,El Dorado County AQMD,El Dorado,Mountain Counties,20,8,38.624,-120.489,UNK,US Forest Service,Misc District Piles,Broadcast,Natural,UNK
11/13/2012,El Dorado County AQMD,El Dorado,Mountain Counties,13,9,38.711,-120.318,UNK,US Forest Service,Alder A,Broadcast,Natural,UNK
11/13/2012,El Dorado County AQMD,El Dorado,Mountain Counties,10,10,38.918,-120.756,UNK,US Forest Service,Mace Mill Pile,Hand Pile,Brush,UNK
11/13/2012,Great Basin Unified APCD,Alpine,Great Basin Valleys,2,2,38.462,-120.053,UNK,US Forest Service,Bloods Ridge,Hand Pile,Natural,UNK
11/13/2012,Great Basin Unified APCD,Alpine,Great Basin Valleys,10,5,38.456,-119.564,UNK,US Forest Service,SMP not found,UNK,UNK,UNK
11/13/2012,Northern Sierra AQMD,Plumas,Mountain Counties,1,1,39.88,-121.195,UNK,US Forest Service,Bucks Lake Quarry,Machine Pile,Slash,UNK
11/13/2012,Northern Sierra AQMD,Plumas,Mountain Counties,6,6,39.966,-120.99,UNK,US Forest Service,Snake Lake Meadow,Hand Pile,Mixed Conifer,UNK
11/13/2012,Placer County APCD,Placer,Mountain Counties,35,15,39.043,-120.562,UNK,US Forest Service,SMP not found,UNK,UNK,UNK
11/14/2012,El Dorado County AQMD,El Dorado,Lake Tahoe,0.25,0.25,38.896,-120.038,UNK,US Forest Service,Uplands ULM,Hand Pile,Natural,UNK
11/14/2012,El Dorado County AQMD,El Dorado,Lake Tahoe,1,0.5,38.989,-120.1,UNK,California State Parks,DL Bliss State Park burn piles,Hand Pile,Slash,UNK
11/14/2012,El Dorado County AQMD,El Dorado,Lake Tahoe,1.5,1,38.951,-120.109,UNK,California State Parks,Emerald Bay / So. Bliss burn piles,Hand Pile,Slash,UNK
11/14/2012,El Dorado County AQMD,El Dorado,Mountain Counties,4,2,38.606,-120.513,UNK,Leoni Meadows Camp,Leoni Meadows,UNK,UNK,UNK
11/14/2012,El Dorado County AQMD,El Dorado,Mountain Counties,13,5,38.669,-120.237,UNK,US Forest Service,Alder,Machine Pile,Slash,UNK
11/14/2012,El Dorado County AQMD,El Dorado,Mountain Counties,20,15,38.704,-120.497,UNK,US Forest Service,Marshall Mine,Machine Pile,Slash,UNK
11/14/2012,Glenn County APCD,Glenn,Sacramento Valley,138,63,39.686,-122.709,UNK,US Forest Service,SMP not found,UNK,UNK,UNK
11/14/2012,Great Basin Unified APCD,Inyo,Great Basin Valleys,2,1,36.869,-118.159,T7n R17e S13,County of Inyo,Lower Owens River Project,UNK,UNK,UNK
11/14/2012,Great Basin Unified APCD,Alpine,Great Basin Valleys,10,4,38.456,-119.564,UNK,US Forest Service,SMP not found,UNK,UNK,UNK
11/14/2012,Great Basin Unified APCD,Alpine,Great Basin Valleys,5,5,38.462,-120.053,UNK,US Forest Service,Bloods Ridge,Hand Pile,Natural,UNK
11/14/2012,Northern Sierra AQMD,Plumas,Mountain Counties,3,3,39.966,-121.046,UNK,US Forest Service,Meadow Valley Cleanup,Landing Pile,Mixed Conifer,UNK
11/14/2012,Placer County APCD,Placer,Lake Tahoe,0.25,0.25,39.173,-120.141,UNK,US Forest Service,BUNKER ULM,Hand Pile,Slash,UNK
11/14/2012,Placer County APCD,Placer,Mountain Counties,2,2,39.099,-120.52,UNK,US Forest Service,SMP not found,UNK,UNK,UNK
11/14/2012,Tehama County APCD,Tehama,Sacramento Valley,17.161,17.161,40.197,-121.59,UNK,Sierra Pacific Industries,SMP not found,UNK,UNK,UNK
11/14/2012,Tehama County APCD,Tehama,Sacramento Valley,17.943,17.943,40.198,-121.583,UNK,Sierra Pacific Industries,SMP not found,UNK,UNK,UNK
11/14/2012,Tehama County APCD,Tehama,Sacramento Valley,21.708,21.708,40.189,-121.592,UNK,Sierra Pacific Industries,SMP not found,UNK,UNK,UNK
11/15/2012,El Dorado County AQMD,El Dorado,Lake Tahoe,0.25,0.25,38.896,-120.038,UNK,US Forest Service,Uplands ULM,Hand Pile,Natural,UNK
11/15/2012,El Dorado County AQMD,El Dorado,Mountain Counties,4,2,38.606,-120.513,UNK,Leoni Meadows Camp,Leoni Meadows,UNK,UNK,UNK
11/15/2012,El Dorado County AQMD,El Dorado,Mountain Counties,20,12,38.95,-120.48,UNK,Sierra Pacific Industries,Hartless Unit 3,Machine,Slash,UNK
11/15/2012,El Dorado County AQMD,El Dorado,Mountain Counties,10,15,38.95,-120.47,UNK,US Forest Service,Hartless Unit 4,Machine,Slash,UNK
11/15/2012,El Dorado County AQMD,El Dorado,Mountain Counties,20,20,38.704,-120.497,UNK,US Forest Service,Marshall Mine,Machine Pile,Slash,UNK
11/15/2012,El Dorado County AQMD,El Dorado,Mountain Counties,52,52,38.802,-120.286,UNK,Sierra Pacific Industries,Sugarloaf North,Machine Pile,Slash,UNK
11/15/2012,El Dorado County AQMD,El Dorado,Mountain Counties,45,63,38.93,-120.49,UNK,Sierra Pacific Industries,Hartless Unit 23,Broadcast,Natural,132.3
11/15/2012,El Dorado County AQMD,El Dorado,Mountain Counties,145,145,38.868,-120.507,UNK,Sierra Pacific Industries,NOODLES,Machine Pile,Slash,UNK
11/15/2012,Great Basin Unified APCD,Alpine,Great Basin Valleys,2,2,38.472,-120.047,UNK,US Forest Service,Bear Valley,Hand Pile,Natural,UNK
11/15/2012,Great Basin Unified APCD,Alpine,Great Basin Valleys,5,2,38.456,-119.564,UNK,US Forest Service,SMP not found,UNK,UNK,UNK
11/15/2012,Great Basin Unified APCD,Mono,Great Basin Valleys,17,17,37.854,-118.876,UNK,US Forest Service,24A Spitfire,Broadcast,Natural,UNK
11/15/2012,Great Basin Unified APCD,Mono,Great Basin Valleys,21,21,37.854,-118.876,UNK,US Forest Service,22B Spitfire,Broadcast,Natural,UNK
11/15/2012,Great Basin Unified APCD,Mono,Great Basin Valleys,54,54,37.854,-118.876,UNK,US Forest Service,20A Spitfire,Broadcast,Natural,UNK
11/15/2012,Northern Sierra AQMD,Plumas,Mountain Counties,5,5,39.88,-121.12,UNK,US Forest Service,Bucks Project - Aspen,Hand Pile,Slash,UNK
11/15/2012,Placer County APCD,Placer,Lake Tahoe,0.25,0.25,39.173,-120.141,UNK,US Forest Service,BUNKER ULM,Hand Pile,Slash,UNK
11/15/2012,Tehama County APCD,Tehama,Sacramento Valley,5,20,39.924,-122.889,UNK,US Forest Service,Tehama County Pile Burning,Hand Pile,Slash,UNK
11/16/2012,El Dorado County AQMD,El Dorado,Mountain Counties,5,3,38.606,-120.513,UNK,Leoni Meadows Camp,Leoni Meadows,UNK,UNK,UNK
11/16/2012,El Dorado County AQMD,El Dorado,Mountain Counties,20,19,38.704,-120.497,UNK,US Forest Service,Marshall Mine,Machine Pile,Slash,UNK
11/16/2012,El Dorado County AQMD,El Dorado,Mountain Counties,46,46,38.937,-120.369,UNK,Sierra Pacific Industries,CHEESECAKE,Machine Pile,Slash,UNK
11/16/2012,El Dorado County AQMD,El Dorado,Mountain Counties,154,139,38.868,-120.507,UNK,Sierra Pacific Industries,NOODLES,Machine Pile,Slash,UNK
11/16/2012,Great Basin Unified APCD,Alpine,Great Basin Valleys,8,8,38.462,-120.053,UNK,US Forest Service,Bloods Ridge,Hand Pile,Natural,UNK
11/16/2012,Northern Sierra AQMD,Plumas,Mountain Counties,1,1,40.181,-120.591,UNK,US Forest Service,Antelope Lake Boat Ramp,Hand Pile,Slash,UNK
11/16/2012,Northern Sierra AQMD,Plumas,Mountain Counties,1,1,40.196,-120.609,UNK,US Forest Service,Boulder Creek Admin,Hand Pile,Slash,UNK
11/16/2012,Northern Sierra AQMD,Plumas,Mountain Counties,1,1,40.196,-120.609,UNK,US Forest Service,Boulder Creek Camp Ground,Machine Pile,Natural,UNK
11/16/2012,Northern Sierra AQMD,Plumas,Mountain Counties,30,131,39.923,-120.804,UNK,US Forest Service,Empire Hand Thin,Hand Pile,Mixed Conifer,UNK
11/16/2012,Placer County APCD,Placer,Sacramento Valley,10,1,39.015,-121.136,UNK,Bella Wildfire & Forestry Services,HBRP 1,Hand Pile,Natural,UNK
11/16/2012,Placer County APCD,Placer,Mountain Counties,1,1,39.249,-120.69,UNK,Sierra Pacific Industries,13-0503,Broadcast,Natural,12
11/16/2012,Placer County APCD,Placer,Mountain Counties,2,1,39.243,-120.675,UNK,Sierra Pacific Industries,19-0409,Broadcast,Natural,12
11/16/2012,Placer County APCD,Placer,Mountain Counties,2,2,39.237,-120.68,UNK,Sierra Pacific Industries,19-0206,Broadcast,Natural,24
11/16/2012,Placer County APCD,Placer,Mountain Counties,5,5,39.031,-120.357,T7n R17e S13,Sierra Pacific Industries,BARTS VALLEY,Machine Pile,Slash,UNK
11/16/2012,Placer County APCD,Placer,Mountain Counties,7,7,39.231,-120.706,UNK,Sierra Pacific Industries,23-0701,Machine Pile,Slash,UNK
11/16/2012,Placer County APCD,Placer,Mountain Counties,9,9,39.242,-120.711,UNK,Sierra Pacific Industries,23-0509,Machine Pile,Slash,UNK
11/16/2012,Placer County APCD,Placer,Mountain Counties,15,15,39.233,-120.712,UNK,Sierra Pacific Industries,23-0302,Machine Pile,Slash,UNK
11/16/2012,Placer County APCD,Placer,Mountain Counties,16,16,39.254,-120.702,UNK,Sierra Pacific Industries,14-1007,Machine Pile,Slash,UNK
11/16/2012,Tehama County APCD,Tehama,Sacramento Valley,120,60,39.944,-122.804,UNK,Crane Mills,Middle Ridge THP,Machine Pile,Slash,UNK
11/16/2012,Tehama County APCD,Tehama,Sacramento Valley,75,75,40.07,-122.748,UNK,Crane Mills,Buck Creek THP,Machine Pile,Slash,UNK
11/17/2012,Feather River AQMD,Yuba,Sacramento Valley,9.2,9.2,39.422,-121.035,UNK,Sierra Pacific Industries,13-0502,Machine Pile,Slash,UNK
11/17/2012,Feather River AQMD,Yuba,Sacramento Valley,12.1,12.1,39.423,-121.032,UNK,Sierra Pacific Industries,13-0602,Machine Pile,Slash,UNK
11/17/2012,Feather River AQMD,Yuba,Sacramento Valley,29.2,29.2,39.436,-121.05,UNK,Sierra Pacific Industries,11-0601,Machine Pile,Slash,UNK
11/19/2012,El Dorado County AQMD,El Dorado,Mountain Counties,3,2,38.606,-120.513,UNK,Leoni Meadows Camp,Leoni Meadows,UNK,UNK,UNK
11/19/2012,El Dorado County AQMD,El Dorado,Mountain Counties,3,3,38.712,-120.594,UNK,US Forest Service,Sly Park Hotshot Base & Sierra Springs Guard Station,Hand Pile,Natural,15
11/19/2012,Great Basin Unified APCD,Inyo,Great Basin Valleys,2,2,36.869,-118.159,T7n R17e S13,County of Inyo,Lower Owens River Project,Hand Pile,UNK,UNK
11/19/2012,Great Basin Unified APCD,Mono,Great Basin Valleys,40,40,37.622,-119.802,UNK,US Forest Service,Crystal Piles FY14,UNK,UNK,UNK
11/19/2012,Northern Sierra AQMD,Plumas,Mountain Counties,1,1,40.024,-121.213,UNK,US Forest Service,Gansner Bar Admin,Hand Pile,Mixed Conifer,UNK
11/19/2012,Northern Sierra AQMD,Plumas,Mountain Counties,1,1,40.152,-120.948,UNK,US Forest Service,Greenville CG,Hand Pile,Mixed Conifer,UNK
11/19/2012,Placer County APCD,Placer,Mountain Counties,1,1,39.085,-120.736,UNK,US Forest Service,Seed Orchard Handpiles,Hand Pile,Slash,UNK
11/19/2012,Placer County APCD,Placer,Sacramento Valley,2,2,39.015,-121.136,UNK,Bella Wildfire & Forestry Services,HBRP 1,Hand Pile,Natural,UNK
11/19/2012,Tehama County APCD,Tehama,Sacramento Valley,60,30,39.944,-122.804,UNK,Crane Mills,Middle Ridge THP,Machine Pile,Slash,UNK
11/20/2012,El Dorado County AQMD,El Dorado,Mountain Counties,3,1,38.606,-120.513,UNK,Leoni Meadows Camp,Leoni Meadows,UNK,UNK,UNK
11/20/2012,El Dorado County AQMD,El Dorado,Mountain Counties,3,3,38.712,-120.594,UNK,US Forest Service,Sly Park Hotshot Base & Sierra Springs Guard Station,Hand Pile,Natural,15
11/20/2012,Placer County APCD,Placer,Sacramento Valley,2,2,39.015,-121.136,UNK,Bella Wildfire & Forestry Services,HBRP 1,Hand Pile,Natural,UNK
11/20/2012,Placer County APCD,Placer,Mountain Counties,4,3,39.172,-120.461,UNK,US Forest Service,SMP not found,UNK,UNK,UNK
11/20/2012,Placer County APCD,Placer,Mountain Counties,4,4,39.085,-120.736,UNK,US Forest Service,Seed Orchard Handpiles,Hand Pile,Slash,UNK
11/21/2012,Great Basin Unified APCD,Inyo,Great Basin Valleys,2,2,36.869,-118.159,TNA RNA SNA,County of Inyo,Lower Owens River Project,Hand Pile,UNK,UNK
11/26/2012,Butte County AQMD,Butte,Sacramento Valley,UNK,1,39.767,-121.314,UNK,US Forest Service,FRRD Pile Burn Butte County,UNK,UNK,UNK
11/26/2012,Butte County AQMD,Butte,Sacramento Valley,11.329,11.329,39.902,-121.5,UNK,Sierra Pacific Industries,SMP not found,UNK,UNK,UNK
11/26/2012,Butte County AQMD,Butte,Sacramento Valley,13.205,13.205,39.909,-121.499,UNK,Sierra Pacific Industries,SMP not found,UNK,UNK,UNK
11/26/2012,Butte County AQMD,Butte,Sacramento Valley,UNK,25,40.115,-121.478,UNK,US Forest Service,Jonesville,Hand Pile,Slash,UNK
11/26/2012,El Dorado County AQMD,El Dorado,Mountain Counties,4,4,38.841,-120.307,UNK,US Forest Service,Bosworth BFPs,Machine Pile,Slash,UNK
11/26/2012,El Dorado County AQMD,El Dorado,Mountain Counties,34,34,38.84,-120.307,TNA RNA SNA,US Forest Service,Bosworth,Machine Pile,Slash,UNK
11/26/2012,El Dorado County AQMD,El Dorado,Mountain Counties,49,49,38.821,-120.381,UNK,Sierra Pacific Industries,QUIVER,Machine Pile,Slash,UNK
11/26/2012,El Dorado County AQMD,El Dorado,Mountain Counties,57,57,38.931,-120.437,UNK,Sierra Pacific Industries,YA KNOW,Machine Pile,Slash,UNK
11/26/2012,El Dorado County AQMD,El Dorado,Mountain Counties,160,160,38.704,-120.497,TNA RNA SNA,US Forest Service,Marshall Mine,Machine Pile,Slash,UNK
11/26/2012,Placer County APCD,Placer,Mountain Counties,10,5,39.1,-120.548,UNK,US Forest Service,Last Chance Handpiles,Hand Pile,Slash,UNK
11/26/2012,Placer County APCD,Placer,Sacramento Valley,20,12,39.015,-121.136,TNA RNA SNA,Bella Wildfire & Forestry Services,HBRP 1,Hand Pile,Natural,UNK
11/26/2012,Placer County APCD,Placer,Mountain Counties,40,15,39.104,-120.543,UNK,US Forest Service,Last chance Grapple piles,Machine Pile,Slash,UNK
11/26/2012,Tehama County APCD,Shasta,Sacramento Valley,15,15,0,0,UNK,Bureau of Land Management,Spring Branch Road,Hand Pile,Brush,UNK
11/27/2012,Butte County AQMD,Butte,Sacramento Valley,UNK,20,39.868,-121.59,UNK,US Forest Service,Concow Green Pile Burn,UNK,UNK,UNK
11/27/2012,El Dorado County AQMD,El Dorado,Lake Tahoe,1,1,38.916,-119.959,UNK,US Forest Service,SMP not found,UNK,UNK,UNK
11/27/2012,El Dorado County AQMD,El Dorado,Mountain Counties,2,2,38.672,-120.966,UNK,Bureau of Land Management,Pine Hill RX Pile Burn,Hand Pile,Brush,UNK
11/27/2012,El Dorado County AQMD,El Dorado,Mountain Counties,3,3,38.812,-120.472,UNK,US Forest Service,Wharfrat BFPs,Machine Pile,Slash,UNK
11/27/2012,El Dorado County AQMD,El Dorado,Mountain Counties,8,8,38.714,-120.314,TNA RNA SNA,Sierra Pacific Industries,EXEMPTION AREA #2 (MORRISON),Machine Pile,Slash,UNK
11/27/2012,El Dorado County AQMD,El Dorado,Mountain Counties,72,72,38.806,-120.463,UNK,US Forest Service,Misfire,Machine Pile,Slash,2160
11/27/2012,El Dorado County AQMD,El Dorado,Mountain Counties,150,80,38.704,-120.497,UNK,US Forest Service,Marshall Mine,Machine Pile,Slash,UNK
11/27/2012,El Dorado County AQMD,El Dorado,Mountain Counties,94,94,38.722,-120.41,TNA RNA SNA,Sierra Pacific Industries,TUMAN RIDGE FUELBREAK,Machine Pile,Slash,UNK
11/27/2012,Feather River AQMD,Yuba,Sacramento Valley,1,1,39.613,-121.045,UNK,US Forest Service,Feather River Pile Burn Yuba County,UNK,UNK,UNK
11/27/2012,Feather River AQMD,Yuba,Sacramento Valley,1,1,39.455,-121.11,UNK,US Forest Service,Pendola Weed HP (2),Hand Pile,Brush,UNK
11/27/2012,Feather River AQMD,Yuba,Sacramento Valley,2,2,39.468,-121.112,UNK,US Forest Service,Pendola Weed HP (1),Hand Pile,Brush,UNK
11/27/2012,Glenn County APCD,Glenn,Sacramento Valley,40,45,39.686,-122.709,UNK,US Forest Service,SMP not found,UNK,UNK,UNK
11/27/2012,Great Basin Unified APCD,Inyo,Great Basin Valleys,2,2,36.869,-118.159,TNA RNA SNA,County of Inyo,Lower Owens River Project,Hand Pile,UNK,UNK
11/27/2012,Placer County APCD,Placer,Sacramento Valley,20,4,39.015,-121.136,TNA RNA SNA,Bella Wildfire & Forestry Services,HBRP 1,Hand Pile,Natural,UNK
11/27/2012,Placer County APCD,Placer,Mountain Counties,6,6,39.163,-120.487,UNK,US Forest Service,SMP not found,UNK,UNK,UNK
11/27/2012,Placer County APCD,Placer,Mountain Counties,12,9,39.172,-120.461,UNK,US Forest Service,SMP not found,UNK,UNK,UNK
11/27/2012,Tehama County APCD,Shasta,Sacramento Valley,10,10,0,0,UNK,Bureau of Land Management,Spring Branch Road,Hand Pile,Brush,UNK
11/27/2012,Tehama County APCD,Tehama,Sacramento Valley,15,15,40.005,-121.651,UNK,Sierra Pacific Industries,SMP not found,UNK,UNK,UNK
11/28/2012,Butte County AQMD,Butte,Sacramento Valley,UNK,11,39.851,-121.579,UNK,US Forest Service,Concow Green Pile Burn,UNK,UNK,UNK
11/28/2012,Butte County AQMD,Butte,Sacramento Valley,UNK,17,39.851,-121.574,UNK,US Forest Service,Concow Green Pile Burn,UNK,UNK,UNK
11/28/2012,El Dorado County AQMD,El Dorado,Mountain Counties,1,1,38.672,-120.966,UNK,Bureau of Land Management,Pine Hill RX Pile Burn,Hand Pile,Brush,UNK
11/28/2012,El Dorado County AQMD,El Dorado,Lake Tahoe,2,2,39.017,-120.125,TNA RNA SNA,California State Parks,Sugar Pine State Park,Hand Pile,Slash,UNK
11/28/2012,El Dorado County AQMD,El Dorado,Lake Tahoe,5,5,38.951,-120.109,TNA RNA SNA,California State Parks,Emerald Bay / So. Bliss burn piles,Hand Pile,Slash,UNK
11/28/2012,El Dorado County AQMD,El Dorado,Mountain Counties,67,67,38.75,-120.318,UNK,Sierra Pacific Industries,SUGARLOAF SOUTH,Machine Pile,Slash,UNK
11/28/2012,El Dorado County AQMD,El Dorado,Mountain Counties,82,77,38.733,-120.455,UNK,Sierra Pacific Industries,EMPIRICAL EAST,Machine Pile,Slash,UNK
11/28/2012,El Dorado County AQMD,El Dorado,Mountain Counties,125,100,38.806,-120.463,UNK,US Forest Service,Misfire,Machine Pile,Slash,3000
11/28/2012,El Dorado County AQMD,El Dorado,Mountain Counties,200,150,38.704,-120.497,UNK,US Forest Service,Marshall Mine,Machine Pile,Slash,UNK
11/28/2012,Glenn County APCD,Glenn,Sacramento Valley,50,45,39.686,-122.709,UNK,US Forest Service,SMP not found,UNK,UNK,UNK
11/28/2012,Northern Sierra AQMD,Plumas,Mountain Counties,5,4,40.239,-120.76,UNK,US Forest Service,Moonlight Wheeler,Landing Pile,Burned Area,UNK
11/28/2012,Northern Sierra AQMD,Plumas,Mountain Counties,20,35,39.995,-120.86,UNK,US Forest Service,Empire ARRA,Hand Pile,Mixed Conifer,UNK
11/28/2012,Placer County APCD,Placer,Mountain Counties,0.5,0.5,39.065,-120.973,UNK,Cal Fire,Mt Howell Burn,UNK,UNK,UNK
11/28/2012,Placer County APCD,Placer,Mountain Counties,0.5,0.5,39.065,-120.972,UNK,Cal Fire,Mt Howell Burn,UNK,UNK,UNK
11/28/2012,Placer County APCD,Placer,Mountain Counties,3,1,39.28,-120.121,UNK,Northstar Fire Department,SMP not found,UNK,UNK,UNK
11/28/2012,Placer County APCD,Placer,Mountain Counties,15,15,39.1,-120.548,UNK,US Forest Service,Last Chance Handpiles,Hand Pile,Slash,UNK
11/28/2012,Placer County APCD,Placer,Mountain Counties,85,45,39.104,-120.543,UNK,US Forest Service,Last chance Grapple piles,Machine Pile,Slash,UNK
11/28/2012,Placer County APCD,Placer,Lake Tahoe,102,50,39.134,-120.18,UNK,US Forest Service,Ward HT 22,Hand Pile,Slash,UNK
11/28/2012,Tehama County APCD,Shasta,Sacramento Valley,5,5,0,0,UNK,Bureau of Land Management,Spring Branch Road,Hand Pile,Brush,UNK
11/28/2012,Tehama County APCD,Shasta,Sacramento Valley,20,20,0,0,UNK,Bureau of Land Management,Spring Branch Road,Hand Pile,Brush,UNK
11/28/2012,Tehama County APCD,Tehama,Sacramento Valley,44,30,39.916,-122.69,UNK,US Forest Service,SMP not found,UNK,UNK,UNK
11/29/2012,Butte County AQMD,Butte,Sacramento Valley,UNK,6,39.865,-121.592,UNK,US Forest Service,Concow Green Pile Burn,UNK,UNK,UNK
11/29/2012,Colusa County APCD,Colusa,Sacramento Valley,35,5,39.243,-122.629,UNK,US Forest Service,SMP not found,UNK,UNK,UNK
11/29/2012,El Dorado County AQMD,El Dorado,Lake Tahoe,4,1,38.951,-120.109,UNK,California State Parks,Emerald Bay / So. Bliss burn piles,Hand Pile,Slash,UNK
11/29/2012,El Dorado County AQMD,El Dorado,Mountain Counties,3,3,38.672,-120.966,UNK,Bureau of Land Management,Pine Hill RX Pile Burn,Hand Pile,Brush,UNK
11/29/2012,El Dorado County AQMD,El Dorado,Mountain Counties,9,9,38.725,-120.531,UNK,Sierra Pacific Industries,EXEMPTION AREA 1 (JENKINSON),Machine Pile,Slash,UNK
11/29/2012,El Dorado County AQMD,El Dorado,Mountain Counties,14,14,38.639,-120.53,UNK,Sierra Pacific Industries,Hazelnut,Machine Pile,Slash,UNK
11/29/2012,El Dorado County AQMD,El Dorado,Mountain Counties,40,40,38.806,-120.463,UNK,US Forest Service,Misfire BFPs,Machine Pile,Slash,UNK
11/29/2012,El Dorado County AQMD,El Dorado,Mountain Counties,100,100,38.806,-120.463,UNK,US Forest Service,Misfire,Machine Pile,Slash,3000
11/29/2012,El Dorado County AQMD,El Dorado,Mountain Counties,200,189,38.704,-120.497,UNK,US Forest Service,Marshall Mine,Machine Pile,Slash,UNK
11/29/2012,Glenn County APCD,Glenn,Sacramento Valley,5,45,39.686,-122.709,UNK,US Forest Service,SMP not found,UNK,UNK,UNK
11/29/2012,Northern Sierra AQMD,Plumas,Mountain Counties,2,2,40.053,-120.804,UNK,US Forest Service,Taylorsville,Hand Pile,Mixed Conifer,UNK
11/29/2012,Northern Sierra AQMD,Plumas,Mountain Counties,18,18,40.024,-121.12,UNK,US Forest Service,Rich Fire,Hand Pile,Burned Area,UNK
11/29/2012,Placer County APCD,Placer,Sacramento Valley,2,2,39.015,-121.136,UNK,Bella Wildfire & Forestry Services,HBRP 1,Hand Pile,Natural,UNK
11/29/2012,Placer County APCD,Placer,Mountain Counties,3,2,39.28,-120.121,UNK,Northstar Fire Department,SMP not found,UNK,UNK,UNK
11/29/2012,Placer County APCD,Placer,Mountain Counties,4,4,39.268,-120.726,UNK,US Forest Service,Drum Tractor,Machine Pile,Slash,UNK
11/29/2012,Placer County APCD,Placer,Mountain Counties,12,5,39.143,-120.689,UNK,US Forest Service,Forks House,Hand Pile,Natural,UNK
11/29/2012,Placer County APCD,Placer,Mountain Counties,25,15,39.1,-120.548,UNK,US Forest Service,Last Chance Handpiles,Hand Pile,Slash,UNK
11/29/2012,Placer County APCD,Placer,Mountain Counties,75,55,39.104,-120.543,UNK,US Forest Service,Last chance Grapple piles,Machine Pile,Slash,UNK
11/29/2012,Tehama County APCD,Shasta,Sacramento Valley,10,10,0,0,UNK,Bureau of Land Management,Spring Branch Road,Hand Pile,Brush,UNK
11/30/2012,Butte County AQMD,Butte,Sacramento Valley,UNK,4,39.865,-121.592,UNK,US Forest Service,Concow Green Pile Burn,UNK,UNK,UNK
11/30/2012,Placer County APCD,Placer,Mountain Counties,3,2,39.28,-120.121,UNK,Northstar Fire Department,SMP not found,UNK,UNK,UNK
12/3/2012,Butte County AQMD,Butte,Sacramento Valley,UNK,21,39.868,-121.59,UNK,US Forest Service,Concow Green Pile Burn,UNK,UNK,UNK
12/3/2012,Great Basin Unified APCD,Inyo,Great Basin Valleys,2,2,36.869,-118.159,T25N R10E S1,County of Inyo,Lower Owens River Project,UNK,UNK,UNK
12/3/2012,Placer County APCD,Placer,Sacramento Valley,3,1,39.015,-121.136,T25N R10E S1,Bella Wildfire & Forestry Services,HBRP 1,Hand Pile,Natural,UNK
12/3/2012,Placer County APCD,Placer,Mountain Counties,5,2,39.1,-120.548,UNK,US Forest Service,Last Chance Handpiles,Hand Pile,Slash,UNK
12/3/2012,Placer County APCD,Placer,Mountain Counties,7,3,39.143,-120.689,UNK,US Forest Service,Forks House,Hand Pile,Natural,UNK
12/3/2012,Placer County APCD,Placer,Mountain Counties,45,13,39.104,-120.543,UNK,US Forest Service,Last chance Grapple piles,Machine Pile,Slash,UNK
12/3/2012,Tehama County APCD,Tehama,Sacramento Valley,30,30,39.944,-122.804,T25N R10E S1,Crane Mills,Middle Ridge THP,Machine Pile,Slash,UNK
12/4/2012,El Dorado County AQMD,El Dorado,Lake Tahoe,3.75,3,38.856,-119.999,UNK,California State Parks,Meyers 5-2,Hand Pile,Slash,UNK
12/4/2012,Great Basin Unified APCD,Inyo,Great Basin Valleys,4,4,36.869,-118.159,T12N R17E S28 & 29,County of Inyo,Lower Owens River Project,UNK,UNK,UNK
12/4/2012,Great Basin Unified APCD,Mono,Great Basin Valleys,70,70,37.709,-118.885,UNK,US Forest Service,11B,Hand Pile,Slash,UNK
12/4/2012,Placer County APCD,Placer,Mountain Counties,5,2,39.1,-120.548,UNK,US Forest Service,Last Chance Handpiles,Hand Pile,Slash,UNK
12/4/2012,Placer County APCD,Placer,Mountain Counties,4,2,39.143,-120.689,UNK,US Forest Service,Forks House,Hand Pile,Natural,UNK
12/4/2012,Placer County APCD,Placer,Mountain Counties,45,23,39.104,-120.543,UNK,US Forest Service,Last chance Grapple piles,Machine Pile,Slash,UNK
12/5/2012,Butte County AQMD,Butte,Sacramento Valley,UNK,5,39.88,-121.6,UNK,US Forest Service,Concow Green Pile Burn,UNK,UNK,UNK
12/5/2012,Great Basin Unified APCD,Inyo,Great Basin Valleys,2,2,36.869,-118.159,"T3 South R27 East S1,2",County of Inyo,Lower Owens River Project,Hand Pile,UNK,UNK
12/5/2012,Great Basin Unified APCD,Mono,Great Basin Valleys,UNK,103,37.719,-118.953,UNK,US Forest Service,19H,Hand Pile,Slash,UNK
12/5/2012,Shasta County AQMD,Shasta,Sacramento Valley,UNK,45,0,0,UNK,Individual,SMP not found,UNK,UNK,UNK
12/6/2012,Butte County AQMD,Butte,Sacramento Valley,UNK,5,39.88,-121.6,UNK,US Forest Service,Concow Green Pile Burn,UNK,UNK,UNK
12/6/2012,Great Basin Unified APCD,Inyo,Great Basin Valleys,UNK,2,36.869,-118.159,T25N R09E S35,County of Inyo,Lower Owens River Project,UNK,UNK,UNK
12/6/2012,Great Basin Unified APCD,Mono,Great Basin Valleys,92,92,37.789,-118.984,T25N R09E S35,US Forest Service,39C,Hand Pile,Slash,UNK
12/6/2012,Northern Sierra AQMD,Plumas,Mountain Counties,2,1,39.981,-120.934,"T3 South R27 East S1,2",US Forest Service,Corridor,Hand Pile,Mixed Conifer,UNK
12/6/2012,Shasta County AQMD,Shasta,Sacramento Valley,UNK,30,0,0,UNK,Individual,SMP not found,UNK,UNK,UNK
12/7/2012,Butte County AQMD,Butte,Sacramento Valley,2,1,40.022,-121.549,UNK,Sierra Pacific Industries,SMP not found,UNK,UNK,UNK
12/7/2012,Butte County AQMD,Butte,Sacramento Valley,2,2,40.018,-40.018,UNK,Sierra Pacific Industries,SMP not found,UNK,UNK,UNK
12/10/2012,Tehama County APCD,Tehama,Sacramento Valley,2,1,40.023,-121.685,UNK,Sierra Pacific Industries,HOLLOW18096,machine,logging slash,UNK
12/10/2012,Tehama County APCD,Tehama,Sacramento Valley,2,1,40.015,-121.68,UNK,Sierra Pacific Industries,BELL19091,machine,logging slash,UNK
12/10/2012,Tehama County APCD,Tehama,Sacramento Valley,2,1,40.038,-121.682,UNK,Sierra Pacific Industries,BELL07093,machine,logging slash,UNK
12/10/2012,Tehama County APCD,Tehama,Sacramento Valley,2,2,40.019,-121.683,UNK,Sierra Pacific Industries,HOLLOW19098,machine,logging slash,UNK
12/11/2012,Butte County AQMD,Butte,Sacramento Valley,4,2,40.011,-121.561,UNK,Sierra Pacific Industries,SMP not found,UNK,UNK,UNK
12/11/2012,Butte County AQMD,Butte,Sacramento Valley,2,2,40.009,-121.556,UNK,Sierra Pacific Industries,SMP not found,UNK,UNK,UNK
12/11/2012,Butte County AQMD,Butte,Sacramento Valley,7,2,40.022,-121.549,UNK,Sierra Pacific Industries,SMP not found,UNK,UNK,UNK
12/11/2012,Butte County AQMD,Butte,Sacramento Valley,1,4,39.865,-121.592,UNK,US Forest Service,Concow Green Pile Burn,UNK,UNK,UNK
12/11/2012,El Dorado County AQMD,El Dorado,Lake Tahoe,2,2,38.907,-119.945,UNK,US Forest Service,SMP not found,UNK,UNK,UNK
12/11/2012,El Dorado County AQMD,El Dorado,Lake Tahoe,3,2.5,38.868,-120.036,UNK,California State Parks,Kiowa/Grizzly,Hand Pile,Slash,UNK
12/11/2012,El Dorado County AQMD,El Dorado,Mountain Counties,294,200,38.72,-120.263,UNK,Sierra Pacific Industries,GIRARD AND FUNKY,Machine Pile,Slash,UNK
12/11/2012,Placer County APCD,Placer,Sacramento Valley,3,3,39.015,-121.136,T25N R09E S35,Bella Wildfire & Forestry Services,HBRP 1,Hand Pile,Natural,UNK
12/11/2012,Placer County APCD,Placer,Mountain Counties,160,50,39.096,-120.571,UNK,US Forest Service,SMP not found,UNK,UNK,UNK
12/11/2012,Shasta County AQMD,Shasta,Sacramento Valley,UNK,20,0,0,UNK,Individual,SMP not found,UNK,UNK,UNK
12/11/2012,Tehama County APCD,Tehama,Sacramento Valley,1,1,40.023,-121.685,UNK,Sierra Pacific Industries,HOLLOW18096,machine,logging slash,UNK
12/11/2012,Tehama County APCD,Tehama,Sacramento Valley,1,1,40.015,-121.68,UNK,Sierra Pacific Industries,BELL19091,machine,logging slash,UNK
12/11/2012,Tehama County APCD,Tehama,Sacramento Valley,1,1,40.038,-121.682,UNK,Sierra Pacific Industries,BELL07093,machine,logging slash,UNK
12/11/2012,Tehama County APCD,Tehama,Sacramento Valley,2,2,40.042,-121.699,UNK,Sierra Pacific Industries,HOLLOW12097,machine,logging slash,UNK
12/11/2012,Tehama County APCD,Tehama,Sacramento Valley,2,2,40.013,-121.694,UNK,Sierra Pacific Industries,HOLLOW19097,machine,logging slash,UNK
12/11/2012,Tehama County APCD,Tehama,Sacramento Valley,2,2,40.037,-121.674,UNK,Sierra Pacific Industries,CUB092,machine,logging slash,UNK
12/11/2012,Tehama County APCD,Tehama,Sacramento Valley,2,2,40.032,-121.674,UNK,Sierra Pacific Industries,CUB095,machine,logging slash,UNK
12/11/2012,Tehama County APCD,Tehama,Sacramento Valley,2,2,40.026,-121.676,UNK,Sierra Pacific Industries,CUB018094,machine,logging slash,UNK
12/11/2012,Tehama County APCD,Tehama,Sacramento Valley,2,2,40.02,-121.675,UNK,Sierra Pacific Industries,CUB19094,machine,logging slash,UNK
12/11/2012,Tehama County APCD,Tehama,Sacramento Valley,2,2,40.045,-121.69,UNK,Sierra Pacific Industries,BELL07091,machine,logging slash,UNK
12/11/2012,Tehama County APCD,Tehama,Sacramento Valley,2,2,40.009,-121.7,UNK,Sierra Pacific Industries,BELL24084,machine,logging slash,UNK
12/11/2012,Tehama County APCD,Tehama,Sacramento Valley,3,3,40.013,-121.687,UNK,Sierra Pacific Industries,BELL 89,Broadcast,broken,3000
12/11/2012,Tehama County APCD,Tehama,Sacramento Valley,3,3,39.997,-121.696,UNK,Sierra Pacific Industries,BELL 96,Broadcast,broken,3000
12/11/2012,Tehama County APCD,Tehama,Sacramento Valley,3,3,40.004,-121.696,UNK,Sierra Pacific Industries,BELL 95,Broadcast,broken,3000
12/11/2012,Tehama County APCD,Tehama,Sacramento Valley,3,3,40.019,-121.692,UNK,Sierra Pacific Industries,BELL 88,Broadcast,broken,3000
12/12/2012,Butte County AQMD,Butte,Sacramento Valley,11,8,39.814,-121.578,UNK,US Forest Service,Concow Green Pile Burn,UNK,UNK,UNK
12/12/2012,El Dorado County AQMD,El Dorado,Lake Tahoe,0.75,0.75,38.856,-119.999,UNK,California State Parks,Meyers 5-2,Hand Pile,Slash,UNK
12/12/2012,El Dorado County AQMD,El Dorado,Mountain Counties,15,15,38.868,-120.507,UNK,Sierra Pacific Industries,NOODLES,Machine Pile,Slash,UNK
12/12/2012,El Dorado County AQMD,El Dorado,Mountain Counties,30,30,38.75,-120.318,UNK,Sierra Pacific Industries,SUGARLOAF SOUTH,Machine Pile,Slash,UNK
12/12/2012,El Dorado County AQMD,El Dorado,Mountain Counties,149,90,38.937,-120.369,UNK,Sierra Pacific Industries,CHEESECAKE,Machine Pile,Slash,UNK
12/12/2012,Northern Sierra AQMD,Plumas,Mountain Counties,2,2,39.981,-120.934,UNK,US Forest Service,Corridor,Hand Pile,Mixed Conifer,UNK
12/12/2012,Placer County APCD,Placer,Mountain Counties,0.5,0.75,39.28,-120.121,UNK,Northstar Fire Department,SMP not found,UNK,UNK,UNK
12/12/2012,Placer County APCD,Placer,Mountain Counties,0.5,0.75,39.065,-120.972,UNK,Cal Fire,Mt Howell Burn,UNK,UNK,UNK
12/13/2012,Butte County AQMD,Butte,Sacramento Valley,1,1,39.976,-121.687,UNK,Sierra Pacific Industries,SMP not found,UNK,UNK,UNK
12/13/2012,Butte County AQMD,Butte,Sacramento Valley,1,1,39.988,-121.641,UNK,Sierra Pacific Industries,SMP not found,UNK,UNK,UNK
12/13/2012,Butte County AQMD,Butte,Sacramento Valley,6,3,40.011,-121.561,UNK,Sierra Pacific Industries,SMP not found,UNK,UNK,UNK
12/13/2012,Butte County AQMD,Butte,Sacramento Valley,3,3,39.814,-121.578,UNK,US Forest Service,Concow Green Pile Burn,UNK,UNK,UNK
12/13/2012,Colusa County APCD,Colusa,Sacramento Valley,150,150,39.243,-122.629,UNK,US Forest Service,Colusa County Pile Unit,Hand Pile,Natural,UNK
12/13/2012,El Dorado County AQMD,El Dorado,Lake Tahoe,4,4,38.868,-120.036,UNK,California State Parks,Kiowa/Grizzly,Hand Pile,Slash,UNK
12/13/2012,Great Basin Unified APCD,Mono,Great Basin Valleys,100,100,37.786,-119.028,UNK,US Forest Service,Hartley Piles,Hand Pile,Slash,UNK
12/13/2012,Placer County APCD,Placer,Mountain Counties,5,3,39.1,-120.548,UNK,US Forest Service,Last Chance Handpiles,Hand Pile,Slash,UNK
12/13/2012,Placer County APCD,Placer,Mountain Counties,95,90,39.104,-120.543,UNK,US Forest Service,Last chance Grapple piles,Machine Pile,Slash,UNK
12/14/2012,El Dorado County AQMD,El Dorado,Mountain Counties,59,23,38.937,-120.369,UNK,Sierra Pacific Industries,CHEESECAKE,Machine Pile,Slash,UNK
12/14/2012,El Dorado County AQMD,El Dorado,Mountain Counties,72,26,38.735,-120.499,UNK,Sierra Pacific Industries,Empirical West,Machine Pile,Slash,UNK
12/14/2012,El Dorado County AQMD,El Dorado,Mountain Counties,37,37,38.733,-120.455,UNK,Sierra Pacific Industries,EMPIRICAL EAST,Machine Pile,Slash,UNK
12/14/2012,Great Basin Unified APCD,Mono,Great Basin Valleys,100,100,37.786,-119.028,UNK,US Forest Service,Hartley Piles,Hand Pile,Slash,UNK
12/14/2012,Placer County APCD,Placer,Mountain Counties,5,5,39.1,-120.548,UNK,US Forest Service,Last Chance Handpiles,Hand Pile,Slash,UNK
12/14/2012,Placer County APCD,Placer,Mountain Counties,10,10,39.104,-120.543,UNK,US Forest Service,Last chance Grapple piles,Machine Pile,Slash,UNK
12/15/2012,Great Basin Unified APCD,Mono,Great Basin Valleys,160,160,37.786,-119.028,UNK,US Forest Service,Hartley Piles,Hand Pile,Slash,UNK
12/15/2012,Placer County APCD,Placer,Sacramento Valley,10,6.5,39.015,-121.136,UNK,Bella Wildfire & Forestry Services,HBRP 1,Hand Pile,Natural,UNK
12/17/2012,Butte County AQMD,Butte,Sacramento Valley,UNK,3,39.837,-121.585,UNK,US Forest Service,Concow Green Pile Burn,UNK,UNK,UNK
12/17/2012,El Dorado County AQMD,El Dorado,Lake Tahoe,3,1.5,38.855,-120.006,UNK,California State Parks,Meyers 5-1,Hand Pile,Slash,UNK
12/17/2012,Northern Sierra AQMD,Plumas,Mountain Counties,2,1,40.167,-120.967,UNK,US Forest Service,Maidu Stewardship,Hand Pile,Mixed Conifer,UNK
12/17/2012,Placer County APCD,Placer,Mountain Counties,0.5,0.5,39.28,-120.121,UNK,Northstar Fire Department,SMP not found,UNK,UNK,UNK
12/17/2012,Placer County APCD,Placer,Mountain Counties,0.5,0.5,39.067,-120.971,UNK,Cal Fire,Mt Howell Burn,UNK,UNK,UNK
12/17/2012,Placer County APCD,Placer,Mountain Counties,0.5,0.5,39.066,-120.971,UNK,Cal Fire,Mt Howell Burn,UNK,UNK,UNK
12/18/2012,Butte County AQMD,Butte,Sacramento Valley,UNK,8,39.837,-121.585,UNK,US Forest Service,Concow Green Pile Burn,UNK,UNK,UNK
12/18/2012,El Dorado County AQMD,El Dorado,Lake Tahoe,3,1.5,38.855,-120.006,UNK,California State Parks,Meyers 5-1,Hand Pile,Slash,UNK
12/18/2012,Placer County APCD,Placer,Mountain Counties,1,1,39.066,-120.971,UNK,Cal Fire,Mt Howell Burn,UNK,UNK,UNK
12/18/2012,Placer County APCD,Placer,Lake Tahoe,10,3,39.22,-120.092,UNK,US Forest Service,Vedanta Society,Hand Pile,Slash,UNK
12/19/2012,El Dorado County AQMD,El Dorado,Mountain Counties,36,16,38.937,-120.369,UNK,Sierra Pacific Industries,CHEESECAKE,Machine Pile,Slash,UNK
12/19/2012,El Dorado County AQMD,El Dorado,Mountain Counties,46,39,38.735,-120.499,UNK,Sierra Pacific Industries,Empirical West,Machine Pile,Slash,UNK
12/19/2012,Placer County APCD,Placer,Mountain Counties,12,4,39.194,-120.542,UNK,US Forest Service,Whiskey,Machine Pile,Slash,UNK
12/19/2012,Placer County APCD,Placer,Sacramento Valley,6,6,39.015,-121.136,UNK,Bella Wildfire & Forestry Services,HBRP 1,Hand Pile,Natural,UNK
12/19/2012,Placer County APCD,Placer,Mountain Counties,16,8,39.176,-120.671,UNK,US Forest Service,SMP not found,UNK,UNK,UNK
12/20/2012,El Dorado County AQMD,El Dorado,Mountain Counties,7,1,38.735,-120.499,T15 N R11 E S17,Sierra Pacific Industries,Empirical West,Machine Pile,Slash,UNK
12/20/2012,El Dorado County AQMD,El Dorado,Mountain Counties,20,20,38.937,-120.369,T15 N R11 E S17,Sierra Pacific Industries,CHEESECAKE,Machine Pile,Slash,UNK
12/20/2012,Great Basin Unified APCD,Mono,Great Basin Valleys,20,20,38.278,-119.111,UNK,US Forest Service,Geiger Draws Unit,Hand Pile,Slash,UNK
12/20/2012,Great Basin Unified APCD,Mono,Great Basin Valleys,30,28,38.157,-119.18,UNK,US Forest Service,Stringer Meadow Unit,Hand Pile,Slash,UNK
12/20/2012,Great Basin Unified APCD,Mono,Great Basin Valleys,74,74,37.709,-118.94,T15 N R11 E S17,US Forest Service,29E,Hand Pile,Slash,UNK
12/20/2012,Placer County APCD,Placer,Sacramento Valley,6,6,39.015,-121.136,T15 N R11 E S17,Bella Wildfire & Forestry Services,HBRP 1,Hand Pile,Natural,UNK
12/21/2012,El Dorado County AQMD,El Dorado,Mountain Counties,19,19,38.888,-120.686,T15 N R11 E S17,Sierra Pacific Industries,Sailor,Machine Pile,Slash,UNK
12/21/2012,Great Basin Unified APCD,Mono,Great Basin Valleys,107,107,37.701,-118.942,T15 N R11 E S17,US Forest Service,29A,Hand Pile,Slash,UNK
12/21/2012,Placer County APCD,Placer,Mountain Counties,1,1,39.148,-120.766,T15 N R11 E S17,US Forest Service,Elliot,Machine Pile,Slash,UNK
12/21/2012,Placer County APCD,Placer,Mountain Counties,2,2,39.085,-120.737,T15 N R11 E S17,US Forest Service,Seed Orchard Machine Piles,Machine Pile,Slash,UNK
