OBJECTID,Authorization_ID,Agency_Name,Burn_Location,Latitude,Longitude,Burn_Start_Date,Burn_End_Date,Acres_Piles,Acres_Piles_Units,Reason,Material,Burn_Notes
1,17-65,US Fish and Wildlife Service,Ruby Lake NWR,40.17842778,-115.4888889,2017-11-29,2017-11-29,20,tons/acre,"Fuels reduction, habitat, debris",,
2,19-31,Nevada Department of Transportation - Winnemucca,"Nevada SR140 mm 46-50, Twin River",41.698105,-118.502442,2019-03-26,2019-03-26,1,tons/acre,Fuel reduction and debris abatement,,
3,17-47,Tahoe Douglas Fire District,Glenbrook; Slaughterhouse Canyon,39.100247,-119.946309,2017-11-10,2017-11-10,1,tons/acre,Fuels reduction,,
4,17-47,Tahoe Douglas Fire District,Glenbrook; Slaughterhouse Canyon,39.100247,-119.946309,2017-11-10,2017-11-10,1,tons/acre,Fuels reduction,,
5,17-47,Tahoe Douglas Fire District,Glenbrook; Slaughterhouse Canyon,39.100247,-119.946309,2017-11-10,2017-11-10,1,tons/acre,Fuels reduction,,
6,17-47,Tahoe Douglas Fire District,Glenbrook; Slaughterhouse Canyon,39.100247,-119.946309,2017-11-10,2017-11-10,1,tons/acre,Fuels reduction,,
7,17-47,Tahoe Douglas Fire District,Glenbrook; Slaughterhouse Canyon,39.100247,-119.946309,2017-11-10,2017-11-10,1,tons/acre,Fuels reduction,,
8,17-47,Tahoe Douglas Fire District,Glenbrook; Slaughterhouse Canyon,39.100247,-119.946309,2017-11-10,2017-11-10,1,tons/acre,Fuels reduction,,
9,17-47,Tahoe Douglas Fire District,Glenbrook; Slaughterhouse Canyon,39.100247,-119.946309,2017-11-10,2017-11-10,1,tons/acre,Fuels reduction,,
10,20-59,Nevada Department of Transportation - Winnemucca,NV SR 292; Denio area,41.989297,-118.635371,2020-02-25,2020-02-25,1,tons/acre,Fuel reduction and debris abatement,Tumble weeds,
11,18-57,Cyanco,Winnemucca,40.944592,-117.860967,2018-04-10,2018-04-11,2,tons/pile,Weed abatement,,
12,18-45,Naval Air Station Fallon,NAS Fallon; fire training pit,39.409407,-118.700087,2018-06-25,2018-06-25,1000,pounds,Fire department training,,
13,18-12,NV Energy,Fort Churchill Generating Station,39.128545,-119.1325,2018-01-30,2018-02-01,300,pounds,Weed abatement,,
14,17-27,Naval Air Station Fallon,Fallon Naval Air Station; Fire Fighter Training Facility/ Burn Pit,39.409407,-118.700087,2017-12-02,2017-12-03,1000,pounds,Fire department training,,
15,17-02,Nevada Gold Mines Turquoise Ridge/Twin Creeks,Twin Creeks Mine Site,41.254501,-117.166048,2017-11-30,2017-11-30,500,pounds,Fire training,,
16,18-82,NV Energy,Fort Churchill Generating Station,39.128545,-119.1325,2018-11-30,2018-12-07,4000,pounds,Weed abatement,,
17,17-03,Nevada Gold Mines Turquoise Ridge/Twin Creeks,Twin Creeks Mine,41.254501,-117.166048,2017-09-06,2017-09-06,500,pounds,Fire training,,
18,19-17,Naval Air Station Fallon,Fire Fighter Training Facility/Bldg 492,39.409407,-118.700087,2019-05-06,2019-05-31,1000,pounds,Fire Department training,,
19,18-45,Naval Air Station Fallon,NAS Fallon; fire training pit,39.409407,-118.700087,2018-06-13,2018-06-14,1000,pounds,Fire department training,,
20,20-65,Nevada Gold Mines Turquoise Ridge/Twin Creeks,Turquoise Ridge/Twin Creeks Mine,41.254501,-117.166048,2020-04-09,2020-04-09,500,pounds,Weed abatement,Weeds,
21,18-45,Naval Air Station Fallon,NAS Fallon; fire training pit,39.409407,-118.700087,2018-07-23,2018-07-27,1000,pounds,Fire department training,,
22,19-37,Hawthorne Army Depot,Fence Line,38.547034,-118.653925,2019-04-05,2019-04-07,130,pounds,Weed abatement and maintenance,,
23,19-61,Cyanco,Field North of plant,40.943058,-117.862602,2019-04-03,2019-04-05,10000,pounds,Weed abatement,,
24,18-46,Naval Air Station Fallon,Portable burn box; various locations NAS Fallon,39.409407,-118.700087,2018-05-07,2018-05-25,3,pounds,Mandated training in the proper use of fire extinguishers,,
25,19-01,Nevada Gold Mines Turquoise Ridge/Twin Creeks,Twin Creeks Mine,41.254501,-117.166048,2019-11-07,2019-11-07,500,pounds,Weed abatement,,
26,19-25,Marigold Mining Company,32255 Marigold Mine Rd.,40.44484,-117.103097,2019-01-26,2019-01-26,"15,000",pounds,"Fire training, debris abatement",,
27,17-27,Naval Air Station Fallon,Fire Fighter Training Facility/Burn Pit,39.4094,-118.7001,2017-09-25,2017-09-29,1000,pounds,Fire department training,,
28,19-17,Naval Air Station Fallon,"Fallon NAS, Building 492",39.409407,-118.700087,2019-10-21,2019-10-25,1000,pounds,Fire Department training,,
29,19-36,Hawthorne Army Depot,Ditches and Culverts,38.547034,-118.653925,2019-04-05,2019-04-07,210,pounds,Weed abatement and maintenance,,
30,19-08,Premier Magnesia,Mine Site Fuels Reduction,38.872405,-117.904557,2019-04-09,2019-04-09,1,tons,Potential fuel reduction,,
31,19-08,Premier Magnesia,"Premier Mine Site, #1 Hill Street, Gabbs",38.872405,-117.904557,2019-10-29,2019-10-29,1,tons,Potential fuel reduction,,
32,20-02,DAF/Tonopah Test Range Operations Office,Nevada Test and Training Range,37.110292,-116.231654,2020-03-28,2020-03-28,2,tons,Firefighter training and weed abatement,,
33,19-08,Premier Magnesia,Premier Mine site #1 Hill Street,38.872405,-117.904557,2019-06-04,2019-06-04,1,tons,Potential fuel reduction,,
34,20-44,Premier Magnesia,Premiere Magnesia Mine Site,38.872405,-117.904557,2020-03-04,2020-03-04,1,tons,Fuel reduction,"Wooden pallets, cardboard",
35,19-08,Premier Magnesia,"Premier Mine Site, #1 Hill Street",38.872405,-117.904557,2019-07-09,2019-07-09,1,tons,Potential fuel reduction,,
36,19-08,Premier Magnesia,"Premier Mine Site, #1 Hill Street, Gabbs",38.872405,-117.904557,2019-08-30,2019-08-30,1,tons,Potential fuel reduction,,
37,17-58,Newmont Mining Corporation,Beast Dump,40.943925,-116.357619,2017-10-30,2017-10-30,1,tons,Fire training,,
38,19-08,Premier Magnesia,"Premier Mine Site, #1 Hill Street, Gabbs",38.872405,-117.904557,2019-10-02,2019-10-02,1,tons,Potential fuel reduction,,
39,19-42,Nevada Division of Forestry,Currant Summit,38.82661,-115.2713,2019-02-11,2019-02-13,23,tons,Fuel reduction,,
40,19-08,Premier Magnesia,"Premier Mine Site, #1 Hill Street, Gabbs",38.872405,-117.904557,2019-08-01,2019-08-01,1,tons,Potential fuel reduction,,
41,19-08,Premier Magnesia,Premier Mine Site #1 Hill Street,38.872405,-117.904557,2019-02-11,2019-02-11,1,tons,Potential fuel reduction,,
42,19-08,Premier Magnesia,"Premier Magnesia, Gabbs, NV",38.872405,-117.904557,2019-12-31,2019-12-31,1,tons,Potential fuel reduction,,
43,18-49,USDA Forest Service Humboldt-Toiyabe NF,"Lower Mountain City Admin Site; Hwy 225, milepost 81",41.786111,-115.952222,2018-10-08,2018-10-08,8000,cubic feet,Debris abatement and elimination of hazards related to dilapidated structures,,
44,18-27,Nevada Gold Mines Turquoise Ridge/Twin Creeks,"28 miles NE of Golconda, NV",41.216761,-117.245365,2018-11-19,2018-11-19,3,cubic feet,Fire fighting and site training,,via email
45,18-22,Eureka Landfill,Eureka County Landfill,39.523111,-115.955906,2018-11-29,2018-11-29,25000,cubic feet,Debris abatement,,
46,18-22,Eureka Landfill,Eureka County landfill,39.523111,-115.955906,2018-05-26,2018-05-26,25000,cubic feet,Debris abatement,,
47,19-09,Eureka Landfill,Eureka County landfill,39.523111,-115.955906,2019-11-23,2019-11-23,25000,cubic feet,Debris Abatement,,
48,18-49,USDA Forest Service Humboldt-Toiyabe NF,Lower Mountain City Admin Site; Hwy 225 MP 81,41.786111,-115.952222,2018-12-04,2018-12-04,8000,cubic feet,Debris abatement and elimination of hazards related to dilapidated structures,,
49,19-46ext,National Nuclear Security Administration,"BEEF, National Nuclear Security Admin Site",37.094071,-116.102667,2019-06-04,2019-06-07,4000,gallons,Scientific experiment for national security,,
50,18-61,Newmont USA Limited,"12 miles south of Battle Mountain, off SR305",40.513678,-117.140617,2018-04-18,2018-04-19,3,gallons,Fire training,,
51,18-61,Newmont USA Limited,Newmont Phoenix Mine site; 12 miles S of Battle Mtn,40.513678,-117.140617,2018-04-30,2018-04-30,3,gallons,Fire training,,
52,19-05,DAF/Tonopah Test Range Operations Office,Tonopah NTTR,37.110292,-116.231654,2019-05-25,2019-05-25,3000,gallons,Firefighter training and weed abatement,,
53,18-67,Newmont USA Limited,Newmont Phoenix Mine site; 12 miles south of Battle Mountain,40.509831,-117.138273,2018-07-19,2018-07-19,1,gallons,Fire extinguisher training,,
54,19-21,Naval Air Station Fallon,Fire Fighter Training,39.409407,-118.700087,2019-04-09,2019-04-30,40,gallons,Firefighter training,,
55,19-46ext,National Nuclear Security Administration,"BEEF, National Nuclear Security Admin Site",37.094071,-116.102667,2019-05-21,2019-05-21,4000,gallons,Scientific experiment for national security,,called post burn
56,18-43,Naval Air Station Fallon,"Fallon NAS; Mobile Aircraft Fire Trainer Device, dumpster, burn box, or car at Fire Station #1",39.409407,-118.700087,2018-10-27,2018-11-10,40,gallons,Fire fighter training,,
57,17-25,Naval Air Station Fallon,"Mobile Aircraft Fire Trainer Device, dumpster, and car at Fire Station 1",39.409407,-118.700087,2017-10-23,2017-10-27,40,gallons,Fire fighter training,,
58,19-21,Naval Air Station Fallon,Fire Fighter Training,39.409407,-118.700087,2019-04-09,2019-04-30,40,gallons,Firefighter training,,
59,18-67,Newmont USA Limited,Newmont Phoenix Mine site; 12 miles south of Battle Mountain,40.509831,-117.138273,2018-07-05,2018-07-05,1,gallons,Fire extinguisher training,,
60,19-46ext,National Nuclear Security Administration,"BEEF, National Nuclear Security Admin Site",37.094071,-116.102667,2019-05-26,2019-05-31,4000,gallons,Scientific experiment for national security,,
61,18-67,Newmont USA Limited,Newmont Phoenix Mine site; 12 miles south of Battle Mountain,40.509831,-117.138273,2018-07-12,2018-07-12,1,gallons,Fire extinguisher training,,
62,18-67,Newmont USA Limited,Newmont Phoenix Mine site; 12 miles south of Battle Mountain,40.509831,-117.138273,2018-07-26,2018-07-26,1,gallons,Fire extinguisher training,,
63,17-25,Naval Air Station Fallon,"Fallon Naval Air Station; Mobile Aircraft Fire Training Device, dumpster, and car at Fire Station 1",39.409407,-118.700087,2017-12-02,2017-12-03,40,gallons,Fire fighter training,,
64,18-16a,Storey County Fire Protection District,Six Mile Canyon,39.305794,-119.617143,2018-03-19,2018-03-19,,piles,Fuels reduction,,
65,18-51,US Fish and Wildlife Service - Las Vegas,Pahranagat National Wildlife Refuge,37.262778,-115.123611,2018-04-17,2018-04-20,1,piles,Debris abatement,,
66,19-55,Storey County Fire Protection District,"Washoe-Storey County Line, Hwy 341",39.375925,-119.68234,2019-03-11,2019-03-11,15,piles,Fuels reduction,,
67,18-16,Storey County Fire Protection District,VC Highlands Fire Station; Cartwright and Lousetown,39.388407,-119.63112,2018-03-14,2018-03-14,,piles,Fuels Reduction,,
68,18-16,Storey County Fire Protection District,VC Highlands Fire Station; Cartwright and Lousetown,39.388407,-119.63112,2018-03-21,2018-03-21,,piles,Fuels Reduction,,
69,18-59,Storey County Fire Protection District,Hwy 341; Gieger Summit,39.375,-119.657222,2018-04-18,2018-04-18,,piles,Fuels reduction,,
70,18-59,Storey County Fire Protection District,"Bailey's Canyon, Storey County Hwy 341",39.375,-119.657222,2018-12-10,2018-12-10,20,piles,Fuels reduction,,
71,18-59,Storey County Fire Protection District,"Storey County, Bailey's Canyon",39.375,-119.657222,2018-04-23,2018-04-23,,piles,Fuels reduction,,
72,19-55,Storey County Fire Protection District,"Washoe-Storey County Line, Hwy 341",39.375925,-119.68234,2019-03-05,2019-03-05,15,piles,Fuels reduction,,
73,18-16a,Storey County Fire Protection District,Six Mile Canyon,39.305794,-119.617143,2018-03-20,2018-03-20,,piles,Fuels reduction,,
74,18-59,Storey County Fire Protection District,Hwy 341; Geiger Summit,39.375,-119.657222,2018-04-17,2018-04-17,,piles,Fuels reduction,,
75,APCP190029,USDA Forest Service Carson Ranger District,"Davis Creek, Washoe County",39.3024,-119.84,2019-03-11,2019-03-15,,piles,Pile burning,,
76,18-16,Storey County Fire Protection District,VC Highlands Fire Station; Cartwright and Lousetown,39.388407,-119.63112,2018-03-20,2018-03-20,,piles,Fuels Reduction,,
77,APCP180161,USDA FS Lake Tahoe Basin Management Unit,"Mt. Rose Hwy, Washoe County parcel #126-020-52",39.262609,-119.934344,2019-12-10,2019-12-20,5,piles,Pile burning,,
78,19-55,Storey County Fire Protection District,"Washoe-Storey County line, Hwy 341",39.375925,-119.68234,2019-03-14,2019-03-14,15,piles,Fuels reduction,,
79,APCP190162,,"Incline Village pile burning, Washoe County parcel #126-020-52",39.262207,-119.929631,2019-12-10,2019-12-20,5,piles,,,
80,18-59,Storey County Fire Protection District,Baileys Canyon; Virginia City Highlands Summit,39.375,-119.6572222,2018-04-09,2018-04-09,20,piles,Fuels reduction,,
81,18-59,Storey County Fire Protection District,"Hwy 341 Storey County, Geiger Summit",39.375,-119.657222,2018-05-07,2018-05-07,,piles,Fuels reduction,,
82,18-16a,Storey County Fire Protection District,Six Mile Canyon,39.305794,-119.617143,2018-03-26,2018-03-26,,piles,Fuels reduction,,
83,18-16a,Storey County Fire Protection District,Six Mile Canyon,39.305794,-119.617143,2018-03-27,2018-03-27,,piles,Fuels reduction,,
84,19-55,Storey County Fire Protection District,"Washoe-Storey County line, Hwy 341",39.375925,-119.68234,2019-03-13,2019-03-13,15,piles,Fuels reduction,,
85,18-16a,Storey County Fire Protection District,Six Mile Canyon,39.305794,-119.617143,2018-03-28,2018-03-28,,piles,Fuels reduction,,
86,19-66,Storey County Fire Protection District,"Storey County, Geiger Summit",39.34972,-119.6469,2019-12-04,2019-12-04,20,piles,Piles for fuels reduction,,
87,19-66,Storey County Fire Protection District,"Storey County, Geiger Summit",39.34972,-119.6469,2019-05-31,2019-05-31,20,piles,Piles for fuels reduction,,
88,18-81ext,USDA Forest Service Jarbidge Ranger District,Wild Horse Crossing campground,41.72447,-115.894179,2018-12-04,2018-12-04,3,piles,Fuels reduction,,
89,19-66,Storey County Fire Protection District,341 & Lousetown,39.34972,-119.6469,2019-04-10,2019-04-10,20,piles,Piles for fuels reduction,,cancelled
90,19-66,Storey County Fire Protection District,"Geiger Summit, Hwy 341",39.34972,-119.6469,2019-04-11,2019-04-12,20,piles,Piles for fuels reduction,,
91,19-66,Storey County Fire Protection District,"Storey County, Hwy 341",39.34972,-119.6469,2019-04-16,2019-04-16,20,piles,Piles for fuels reduction,,
92,18-49,USDA Forest Service Humboldt-Toiyabe NF,Mountain City Admin Site,41.786111,-115.952222,2018-10-26,2018-10-27,3,piles,Debris abatement and elimination of hazards related to dilapidated structures,,cancelled
93,19-66,Storey County Fire Protection District,"Storey County, Hwy 341",39.34972,-119.6469,2019-04-17,2019-04-18,20,piles,Piles for fuels reduction,,
94,18-83,East Fork Fire Protection Disctrict,Minden/Tahoe Airport,38.995356,-119.75338,2018-10-23,2018-10-24,8,piles,Training - wildland fire investigation,,
95,18-07,,Tonopah Test Range,37.110292,-116.231654,2018-10-20,2018-10-20,1,piles,,,
96,18-68,Premier Magnesia,Premier Magnesia; Gabbs NV,38.872405,-117.904557,2018-09-13,2018-09-13,1,piles,Fuels reduction,,
97,18-09,Pershing County Landfill,Pershing County Landfill (Lovelock) and Imlay Facility,40.184005,-118.495257,2018-11-29,2018-11-30,2,piles,Debris abatement,,
98,19-57,Nevada Division of Forestry,Cole Ranch Area,38.395249,-114.350688,2019-04-02,2019-04-02,200,piles,Fuel reduction and sage grouse habitat improvement,,
99,19-05,DAF/Tonopah Test Range Operations Office,Nevada Test and Training Range,37.110292,-116.231654,2019-03-30,2019-03-30,3,piles,Firefighter training and weed abatement,,
100,19-66,Storey County Fire Protection District,"Storey County, Geiger Summit",39.34972,-119.6469,2019-06-03,2019-06-03,20,piles,Piles for fuels reduction,,
101,18-59,Storey County Fire Protection District,"Hwy 341 Storey County, Bailey's Cyn",39.375,-119.657222,2018-05-14,2018-05-14,,piles,Fuels reduction,,
102,18-59,Storey County Fire Protection District,"Hwy 341 Storey County, Bailey's Cyn",39.375,-119.657222,2018-04-24,2018-04-24,,piles,Fuels reduction,,
103,19-82,FTLB LLC,"2470 Thousandaire, Pahrump, NV",36.132796,-115.967173,2019-07-20,2019-07-21,3,piles,Land Scrape,,
104,19-04,Pershing County Landfill,Pershing County Landfill,40.184005,-118.495257,2019-03-22,2019-03-22,1,piles,Debris abatement,,
105,18-59,Storey County Fire Protection District,"Hwy 341 Storey County, Bailey's Cyn",39.375,-119.657222,2018-05-03,2018-05-03,,piles,Fuels reduction,,
106,19-24,Carson City Fire Department,"Vicee Canyon, Carson City",39.185638,-119.815697,2019-03-21,2019-03-21,10,piles,Fuels Reduction,,
107,18-59,Storey County Fire Protection District,"Bailey's Canyon, Storey County",39.375,-119.6572222,2018-12-04,2018-12-04,20,piles,Fuels reduction,,
108,18-59,Storey County Fire Protection District,"Bailey's Canyon/Geiger Summit, Storey County",39.375,-119.657222,2018-12-05,2018-12-05,20,piles,Fuels reduction,,
109,18-77,Tahoe Douglas Fire District,Upper Kingbury Corridor,38.973676,-119.898806,2018-12-06,2018-12-06,8,piles,Fuel reduction,,
110,19-31,Nevada Department of Transportation - Winnemucca,"Nevada SR140, Humboldt County",41.698105,-118.502442,2019-03-20,2019-03-22,,piles,Fuel reduction and debris abatement,,
111,19-05,DAF/Tonopah Test Range Operations Office,NTTR,37.110292,-116.231654,2019-10-27,2019-10-27,1,piles,Firefighter training and weed abatement,,
112,18-76,Barrick Goldstrike,Barrick Goldstrike Mine,40.966022,-116.38255,2018-12-10,2018-12-10,1,piles,Debris abatement,,
113,APCP170115,,"Diamond Peak Ski Resort, Planning Area 10",39.253887,-119.916218,2018-04-16,2018-04-27,,piles,,,
114,18-59,Storey County Fire Protection District,"Hwy 341 Storey County, Bailey's Cyn",39.375,-119.657222,2018-04-26,2018-04-26,,piles,Fuels reduction,,
115,18-59,Storey County Fire Protection District,"Hwy 341 Storey County, Bailey's Cyn",39.375,-119.657222,2018-04-25,2018-04-25,,piles,Fuels reduction,,
116,18-59,Storey County Fire Protection District,"Hwy 341, Geiger Summit",39.375,-119.657222,2018-05-28,2018-05-28,,piles,Fuels reduction,,
117,20-42,Storey County Fire Protection District,"VC Highlands Station 72, Cartwright and Lousetown",39.388407,-119.63112,2020-01-30,2020-01-30,40,piles,Pile burning as needed,"Conifer slash, grasses, sage",
118,APCP170137,USDA FS Humboldt-Toiyabe,"Whites Creek Drainage, Mt. Rose Hwy",39.40274,-119.863503,2018-11-28,2018-11-30,,piles,,,WCAQMD
119,20-41,Storey County Fire Protection District,"Storey County, Geiger Summit",39.375,-119.6573,2020-02-04,2020-02-05,40,piles,Fuels reduction,"Conifer slash, grasses, sage",
120,20-42,Storey County Fire Protection District,"Storey County, Station 72, Cartwright and Lousetown",39.388407,-119.63112,2020-03-05,2020-03-05,40,piles,Pile burning as needed,"Conifer slash, grasses, sage",
121,18-19,Tahoe Douglas Fire District,Glenbrook area,39.098572,-119.929657,2018-01-20,2018-01-20,12,piles,Fuel reduction,,
122,18-17,Tahoe Douglas Fire District,Kingbury Corridor,38.973676,-119.898806,2018-01-20,2018-01-20,1,piles,Fuel reduction,,
123,20-49,Nevada Division of Forestry,"Currant Summit; Hwy 6, NV",38.816214,-115.288369,2020-02-01,2020-02-01,100,piles,Fuel reduction,Conifer slash,canceled
124,20-30,Nevada Gold Mines LLC,"Carlin Complex, Goldstrike Mine",40.575768,-116.225718,2020-02-01,2020-02-01,1,piles,Debris abatement,Wood debris,
125,20-42,Storey County Fire Protection District,"VC Highlands Station 72, Cartwright and Lousetown",39.388407,-119.63112,2020-01-27,2020-01-27,40,piles,Pile burning as needed,"Conifer slash, grasses, sage",
126,19-10,Storey County Fire Protection District,"Bailey's Canyon, Storey County",39.375,-119.6573,2019-01-22,2019-01-22,30,piles,Fuels Reduction,,
127,20-49,Nevada Division of Forestry,"Currant Summit, Hwy 6; White Pine and Nye County lines",38.816214,-115.288369,2020-02-05,2020-02-05,150,piles,Fuel reduction,Conifer slash,
128,19-33,Barrick Goldstrike,Barrick Goldstrike Mine,40.575768,-116.225718,2019-01-22,2019-01-22,1,piles,Debris abatement,,
129,20-41,Storey County Fire Protection District,"Bailey's Canyon/Geiger Summit area, Storey County",39.375,-119.6573,2020-01-29,2020-01-29,40,piles,Fuels reduction,"Conifer slash, grasses, sage",
130,19-10,Storey County Fire Protection District,"Bailey's Canyon, Storey County",39.375,-119.6573,2019-01-23,2019-01-23,30,piles,Fuels Reduction,,
131,20-06,Bureau of Land Management - Battle Mountain Dist.,"North end of Nye County, Manhattan, NV",38.532053,-117.067246,2020-01-28,2020-01-28,400,piles,"Fuel reduction, slash disposal",,
132,19-10,Storey County Fire Protection District,"Bailey's Canyon, Storey County",39.375,-119.6573,2019-01-24,2019-01-24,30,piles,Fuels Reduction,,
133,20-42,Storey County Fire Protection District,"VC Highlands Station 72, Cartwright and Lousetown",39.388407,-119.63112,2020-01-28,2020-01-28,40,piles,Pile burning as needed,"Conifer slash, grasses, sage",
134,20-42,Storey County Fire Protection District,"Storey County FPD Station 72, Cartwright and Lousetown",39.388407,-119.63112,2020-02-20,2020-02-20,40,piles,Pile burning as needed,"Conifer slash, grasses, sage",
135,19-33,Barrick Goldstrike,Barrick Goldstrike Mine,40.575768,-116.225718,2019-01-19,2019-01-19,1,piles,Debris abatement,,
136,19-33,Barrick Goldstrike,Barrick Goldstrike Mine,40.575768,-116.225718,2019-01-11,2018-01-11,1,piles,Debris abatement,,
137,19-10,Storey County Fire Protection District,"Baileys Canyon, Storey County",39.375,-119.6573,2019-01-08,2019-01-08,30,piles,Fuels Reduction,,
138,19-10,Storey County Fire Protection District,"Baileys Canyon, Storey County, Gieger Summit",39.375,-119.6573,2019-01-09,2019-01-09,30,piles,Fuels Reduction,,
139,19-26,Tahoe Douglas Fire District,Round Hill area,38.99737,-119.944465,2019-01-05,2019-01-05,6,piles,Fuel reduction,,cancelled
140,20-41,Storey County Fire Protection District,"Geiger Summit Hwy 341, Storey County",39.375,-119.6573,2020-02-18,2020-02-19,40,piles,Fuels reduction,"Conifer slash, grasses, sage",
141,17-60,Tahoe Douglas Fire District,Upper Kingsbury Area,38.973676,-119.898806,2017-12-14,2017-12-14,15,piles,Fuel reduction,,
142,17-60,Tahoe Douglas Fire District,Upper and Lower Kingsbury Areas,38.973676,-119.898806,2017-12-15,2017-12-15,15,piles,Fuel reduction,,
143,20-41,Storey County Fire Protection District,"Geiger Summit Hwy 341, Storey County",39.375,-119.6573,2020-02-11,2020-02-12,40,piles,Fuels reduction,"Conifer slash, grasses, sage",
144,18-16a,Storey County Fire Protection District,Six Mile Canyon,39.305794,-119.617143,2018-03-12,2018-03-12,,piles,Fuels reduction,,
145,19-26,Tahoe Douglas Fire District,Round Hill area,38.99737,-119.944465,2019-01-04,2019-01-04,5,piles,Fuel reduction,,
146,20-41,Storey County Fire Protection District,"Storey County, Geiger Summit area",39.375,-119.6573,2020-03-03,2020-03-04,40,piles,Fuels reduction,"Conifer slash, grasses, sage",
147,18-76,Barrick Goldstrike,Barrick Goldstrike Mine,40.966022,-116.38255,2018-12-21,2018-12-21,1,piles,Debris abatement,,
148,20-42,Storey County Fire Protection District,Storey County Highlands Sta 72; Cartwright and Lousetown,39.388407,-119.63112,2020-02-06,2020-02-06,40,piles,Pile burning as needed,"Conifer slash, grasses, sage",
149,20-60,USDA Forest Service Jarbidge Ranger District,"South Ruby Campground, Ruby Valley",40.177417,-115.493917,2020-02-26,2020-02-26,3,piles,Fuel reduction,Pinyon pine/juniper 'red' slash,
150,19-10,Storey County Fire Protection District,Virginia City Highlands,39.375,-119.6573,2019-01-03,2019-01-03,30,piles,Fuels Reduction,,
151,20-41,Storey County Fire Protection District,"Storey County, Geiger Summit area",39.975,-119.6573,2020-02-26,2020-02-26,40,piles,Fuels reduction,"Conifer slash, grasses, sage",
152,19-10,Storey County Fire Protection District,"Baileys Canyon, Storey County",39.375,-119.6573,2019-01-14,2019-01-14,30,piles,Fuels Reduction,,
153,20-42,Storey County Fire Protection District,"Storey County, Highlands Station #72, Lousetown and Cartwright",39.388407,-119.63112,2020-02-27,2020-02-27,20,piles,Pile burning as needed,"Conifer slash, grasses, sage",
154,19-26,Tahoe Douglas Fire District,Round Hill Area,38.99737,-119.944465,2019-01-03,2019-01-03,6,piles,Fuel reduction,,
155,18-59,Storey County Fire Protection District,Virginia City Highlands,39.375,-119.657222,2018-12-26,2018-12-26,20,piles,Fuels reduction,,
156,19-42,Nevada Division of Forestry,Currant Summit,38.82661,-115.2713,2019-03-04,2019-03-04,100,piles,Fuel reduction,,
157,19-39,USDA Forest Service Jarbidge Ranger District,Wild Horse Crossing Campground,41.72447,-115.894179,2019-01-30,2019-01-30,3,piles,Fuels reduction (elimination of machine piled slash),,
158,20-42,Storey County Fire Protection District,"Storey County Station 72, Cartwright and Lousetown",39.388407,-119.63112,2020-04-02,2020-04-02,40,piles,Pile burning as needed,"Conifer slash, grasses, sage",
159,19-94,City of Ely Landfill,Ely landfill,39.2853,-114.8687,2020-01-15,2020-01-15,1,piles,Fire training,,
160,19-42,Nevada Division of Forestry,Currant Summit,38.82661,-115.2713,2019-02-19,2019-02-19,100,piles,Fuel reduction,,cancelled
161,19-42,Nevada Division of Forestry,Currant Summit,38.82661,-115.2713,2019-02-25,2019-02-25,100,piles,Fuel reduction,,
162,20-44,Premier Magnesia,"Premiere Magnesia Mine Site, Gabbs, NV",38.872406,-117.904557,2020-04-02,2020-04-02,1,piles,Fuel reduction,"Wooden pallets, cardboard",
163,17-28,Naval Air Station Fallon,"Fallon Naval Air Station; Ag Parcels 4A01-4A05, 4A09, and 4A11",39.42047,-118.724216,2018-03-04,2018-03-09,8,piles,Weed abatement,,
164,20-42,Storey County Fire Protection District,"Storey County, Cartwright and Lousetown, Station #72",39.388407,-119.63112,2020-03-26,2020-03-26,40,piles,Pile burning as needed,"Conifer slash, grasses, sage",
165,18-59,Storey County Fire Protection District,"Bailey's Canyon, Storey County, Hwy 341",39.375,-119.657222,2018-12-11,2018-12-11,20,piles,Fuels reduction,,
166,19-94,City of Ely Landfill,Ely landfill,39.2853,-114.8687,2020-01-16,2020-01-16,1,piles,Fire training,,
167,18-16a,Storey County Fire Protection District,Six Mile Canyon,39.305794,-119.617143,2018-03-05,2018-03-05,,piles,Fuels reduction,,
168,18-16a,Storey County Fire Protection District,Six Mile Canyon,39.305794,-119.617143,2018-03-06,2018-03-06,,piles,Fuels reduction,,
169,19-55,Storey County Fire Protection District,Storey County Line & Highway 341,39.375925,-119.68234,2019-03-04,2019-03-04,15,piles,Fuels reduction,,
170,18-16,Storey County Fire Protection District,VC Highlands Fire Station #72; Lousetown and Cartwright,39.388407,-119.63112,2018-03-07,2018-03-07,,piles,Fuels Reduction,,
171,18-34,US Fish and Wildlife Service - Las Vegas,Pahranagat National Wildlife Refuge,37.26277778,-115.1236111,2018-03-12,2018-03-12,1,piles,Debris abatement,,
172,20-41,Storey County Fire Protection District,"Storey County, Geiger Summit area",39.375,-119.6573,2020-04-06,2020-04-08,40,piles,Fuels reduction,"Conifer slash, grasses, sage",
173,20-42,Storey County Fire Protection District,"Storey County, Cartwright and Lousetown, Station #72",39.388407,-119.63112,2020-04-09,2020-04-09,40,piles,Pile burning as needed,"Conifer slash, grasses, sage",
174,19-53,Nevada Division of Forestry,"Winz Creek, Lincoln County",38.35967,-114.4155,2019-03-05,2019-03-05,150,piles,Fuel reduction on sage grouse habitat imrpovement project,,
175,18-76,Barrick Goldstrike,Barrick Goldstrike Mine,40.966022,-116.38255,2018-12-12,2018-12-12,1,piles,Debris abatement,,cancelled
176,20-42,Storey County Fire Protection District,"Storey County FPD Station 72, Cartwright and Lousetown",39.388407,-119.63112,2020-03-16,2020-03-16,40,piles,Pile burning as needed,"Conifer slash, grasses, sage",
177,18-59,Storey County Fire Protection District,"Bailey's Canyon; Hwy 341, Storey County",39.375,-119.657222,2018-12-19,2018-12-19,20,piles,Fuels reduction,,
178,20-60,USDA Forest Service Jarbidge Ranger District,South Ruby Campground,40.177417,-115.493917,2020-03-11,2020-03-11,3,piles,Fuel reduction,Pinyon pine/juniper 'red' slash,
179,18-76,Barrick Goldstrike,Barrick Goldstrike Mine,40.966022,-116.38255,2018-12-18,2018-12-18,1,piles,Debris abatement,,
180,20-42,Storey County Fire Protection District,"Storey County, Station 72, Cartwright and Lousetown",39.388407,-119.63112,2020-03-11,2020-03-11,40,piles,Pile burning as needed,"Conifer slash, grasses, sage",
181,20-42,Storey County Fire Protection District,"Storey County, Station 72, Cartwright and Lousetown",39.388407,-119.63112,2020-03-12,2020-03-12,40,piles,Pile burning as needed,"Conifer slash, grasses, sage",
182,20-17,Naval Air Station Fallon,"Naval Air Station Fallon; Nature trail, Ag parcels 4A01-4A11 and May Ranch",39.450837,-118.709578,2020-03-13,2020-03-31,180,piles,Weed abatement,,
183,18-59,Storey County Fire Protection District,Bailey's Canyon; Hwy 341,39.375,-119.657222,2018-12-17,2018-12-17,20,piles,Fuels reduction,,
184,17-49,Coeur Rochester Inc.,Coeur Rochester Mine Site,40.28944,-118.1419,2017-10-19,2017-10-19,1,piles,Fire training on reading smoke and flashover,,
185,19-10,Storey County Fire Protection District,"Bailey's Canyon, Storey County",39.375,-119.6573,2019-01-15,2019-01-15,30,piles,Fuels Reduction,,
186,20-41,Storey County Fire Protection District,"Storey County, Gieger Summit",39.375,-119.6573,2020-03-16,2020-03-16,40,piles,Fuels reduction,"Conifer slash, grasses, sage",
187,20-43,Storey County Fire Protection District,"Storey - Wahoe County Line, Hwy 341",39.375925,-119.68234,2020-03-18,2020-03-18,20,piles,Fuels reduction,"Conifer slash, grasses, sage",
188,20-42,Storey County Fire Protection District,"Storey County; Cartwright and Lousetown, Station 72",39.388407,-119.63112,2020-03-19,2020-03-19,40,piles,Pile burning as needed,"Conifer slash, grasses, sage",
189,20-42,Storey County Fire Protection District,"Storey County Fire Station 72, Lousetown and Cartwright",39.388407,-119.63112,2020-01-20,2020-01-20,2,piles,Pile burning as needed,"Conifer slash, grasses, sage",
190,17-01,Eureka Landfill,Eureka Landfill,39.523111,-115.955906,2017-09-23,2017-09-23,1,piles,Debris Abatement,,
191,18-06,,"Ione, NV",38.951589,-117.589149,2018-02-27,2018-03-01,200,piles,,,
192,20-41,Storey County Fire Protection District,"Bailey's Canyon area, Storey County",39.375,-119.6573,2020-01-22,2020-01-23,40,piles,Fuels reduction,"Conifer slash, grasses, sage",
193,19-29,Storey County Fire Protection District,Storey County; Lousetown and Cartwright,39.388407,-119.63112,2019-04-19,2019-04-19,100,cubic yards,Fuels reduction,,
194,17-04,Nevada Gold Mines Turquoise Ridge/Twin Creeks,Barrick Turquoise Ridge Mine Site,41.219175,-117.247344,2017-10-09,2017-10-09,3,cubic yards,Fire fighting and site training,,
195,20-30,Nevada Gold Mines LLC,Goldstrike Mine site,40.966022,-116.38255,2020-04-04,2020-04-04,2500,cubic yards,Debris abatement,Wood debris,
196,20-01,Pershing County Landfill,Pershing County Landfill,40.184005,-118.425257,2020-03-20,2020-03-20,10,cubic yards,Debris abatement,,
197,19-29,Storey County Fire Protection District,Storey County FPD Station 72; Cartwright and Lousetown,39.388469,-119.63091,2019-01-17,2019-01-17,100,cubic yards,Fuels reduction,,
198,19-04,Pershing County Landfill,"Pershing County Landfill, Lovelock",40.184005,-118.495257,2019-06-01,2019-06-01,10,cubic yards,Debris abatement,,
199,18-16,Storey County Fire Protection District,VC Highlands Fire Station; Cartwright and Lousetown,39.388407,-119.63112,2018-02-28,2018-02-28,100,cubic yards,Fuels Reduction,,
200,19-29,Storey County Fire Protection District,Storey County; Lousetown and Cartwright,39.388407,-119.63112,2019-05-01,2019-05-01,100,cubic yards,Fuels reduction,,
201,19-29,Storey County Fire Protection District,Storey County FPD Station 72; Cartwright and Lousetown,39.388469,-119.63091,2019-02-11,2019-02-11,100,cubic yards,Fuels reduction,,
202,19-29,Storey County Fire Protection District,Storey County FPD Station 72; Cartwright and Lousetown,39.388469,-119.63091,2019-02-06,2019-02-06,100,cubic yards,Fuels reduction,,
203,19-30,Storey County Fire Protection District,"Six Mile Canyon, Storey County",39.305794,-119.617143,2019-12-03,2019-12-03,100,cubic yards,Fuels reduction,,
204,19-04,Pershing County Landfill,Pershing County landfill,40.184005,-118.425257,2019-11-30,2019-11-30,100,cubic yards,Debris abatement,,
205,19-29,Storey County Fire Protection District,"Storey County, Highlands station",39.388407,-119.63112,2019-12-02,2019-12-02,100,cubic yards,Fuels reduction,,
206,18-16,Storey County Fire Protection District,VC Highlands Fire Station; Cartwright and Lousetown,39.388407,-119.63112,2018-02-27,2018-02-27,100,cubic yards,Fuels Reduction,,
207,19-29,Storey County Fire Protection District,Storey County FPD Station 72; Cartwright and Lousetown,39.388469,-119.63091,2019-01-31,2019-01-31,100,cubic yards,Fuels reduction,,
208,19-29,Storey County Fire Protection District,Storey County FPD Station 72; Cartwright and Lousetown,39.388469,-119.63091,2019-02-04,2019-02-04,100,cubic yards,Fuels reduction,,
209,18-68,Premier Magnesia,Premier Magnesia,38.872405,-117.904557,2018-12-20,2018-12-20,5,cubic yards,Fuels reduction,,
210,19-29,Storey County Fire Protection District,Storey County FPD Station 72; Cartwright and Lousetown,39.388469,-119.63091,2019-03-07,2019-03-07,100,cubic yards,Fuels reduction,,
211,19-29,Storey County Fire Protection District,VC Highlands; Cartwright and Lousetown,39.388407,-119.63112,2019-05-31,2019-05-31,100,cubic yards,Fuels reduction,,
212,19-29,Storey County Fire Protection District,VC Highlands; Cartwright and Lousetown,39.388407,-119.63112,2019-05-26,2019-05-26,100,cubic yards,Fuels reduction,,
213,19-66,Storey County Fire Protection District,"Storey County, Geiger Summit",39.2059,-119.3849,2019-05-25,2019-05-25,100,cubic yards,Piles for fuels reduction,,
214,19-66,Storey County Fire Protection District,"Storey County, Geiger Summit",39.2059,-119.3849,2019-05-24,2019-05-24,100,cubic yards,Piles for fuels reduction,,
215,18-09,Pershing County Landfill,Lovelock Landfill,40.183845,-118.545684,2018-01-11,2018-01-11,15,cubic yards,Debris abatement,,
216,19-30,Storey County Fire Protection District,"Storey County, Six-mile canyon",39.305794,-119.617143,2019-01-10,2019-01-10,100,cubic yards,Fuels reduction,,
217,19-61,Cyanco,Cyanco plant,40.943058,-117.862602,2019-04-08,2019-04-12,3,acres,Weed abatement,,
218,18-79,Tahoe Douglas Fire District,Glenbrook; Slaughterhouse Creek,39.101271,-119.946428,2018-11-30,2018-12-01,2,acres,Fuel reduction,,
219,18-93,Cyanco,"Cyanco plant, Winnemucca, NV",40.944592,-117.860967,2018-12-11,2018-12-11,2,acres,Weed abatement,,
220,18-78,Tahoe Douglas Fire District,Round Hill; Tranquility Estates,38.99737,-119.944465,2018-12-14,2018-12-14,5,acres,Fuel reduction,,
221,APCP190159,North Lake Tahoe Fire Protection District,"Incline Village, off Mt. Rose Hwy; Washoe County parcel 125-010-18",39.265726,-119.974517,2019-10-14,2019-10-18,90,acres,,,
222,19-60,US Fish and Wildlife Service - Las Vegas,"Stillwater NWR, Fallon",39.5506,-118.4878,2019-03-12,2019-03-12,5,acres,"Fuel reduction, weed abatement, waterfowl habitat management, infrastructure improvement",,
223,19-65,National Park Service - Lake Mead NRA,Lake Mead NPS,38.98916111,-114.2405556,2019-04-08,2019-04-08,15,acres,Hazard fuel reduction from range restoration project,,
224,18-79,Tahoe Douglas Fire District,Glenbrook; Slaughterhouse Creek,39.101271,-119.946428,2018-12-12,2018-12-12,6,acres,Fuel reduction,,
225,18-79,Tahoe Douglas Fire District,Glenbrook area; Tranquillity,39.098572,-119.929657,2018-12-13,2018-12-13,5,acres,Fuel reduction,,
226,19-28,Tahoe Douglas Fire District,Glenbrook/Cave Rock/Lakeridge,39.098572,-119.929657,2019-04-04,2019-04-04,3,acres,Fuel reduction,,
227,18-78,Tahoe Douglas Fire District,"Round Hill, Tranquillity Estates",38.99737,-119.944465,2018-12-15,2018-12-15,1,acres,Fuel reduction,,
228,APCP170155,,First Creek drainage,39.2587,-119.986,2018-12-17,2018-12-20,16,acres,,,WCAQMD
229,18-78,Tahoe Douglas Fire District,Zephyr Cove area,38.99737,-119.944465,2018-12-07,2018-12-07,2,acres,Fuel reduction,,
230,19-69,US Fish and Wildlife Service - Las Vegas,Ruby Lake,40.17572,-115.4792,2019-04-03,2019-04-03,375,acres,Habitat mangement,,
231,19-28,Tahoe Douglas Fire District,Glenbrook/Cave Rock/Lakeridge,39.098572,-119.929657,2019-04-03,2019-04-03,2,acres,Fuel reduction,,
232,18-77,Tahoe Douglas Fire District,Kingsbury Corridor,38.973676,-119.898806,2018-11-29,2018-11-29,3,acres,Fuel reduction,,
233,17-30,Naval Air Station Fallon,Fallon Naval Air Station; ditches around runways,39.42047,-118.724216,2018-03-20,2018-03-23,500,acres,Weed and mosquito abatement,,
234,APCP190159,North Lake Tahoe Fire Protection District,"Incline Village, off Mt. Rose Hwy; Washoe County parcel 125-010-18",39.265726,-119.974517,2019-10-07,2019-10-11,90,acres,,,Canceled
235,18-12a,,"Ft. Churchill Generating Station, along cooling and evap pond banks and dykes and around the helo pad",39.128545,-119.1325,2018-01-09,2018-01-11,1,acres,,,
236,20-36,Hawthorne Army Depot,"Hawthorne Army Depot, ditches and culverts",38.547034,-118.653925,2020-02-10,2020-02-13,1,acres,Weed abatement and maintenance,"Vegetation, sagebrush, tumbleweeds",
237,18-06,,Ione area,38.951589,-117.589149,2018-03-06,2018-03-09,60,acres,,,
238,APCP190159,North Lake Tahoe Fire Protection District,"Incline Village, off Mr. Rose Hwy",39.2514,-119.921,2019-10-28,2019-11-01,90,acres,,,
239,19-96,Bureau of Land Management - Ely District Office,"Mt. Grafton Rx, Mt. Grafton Wilderness, White Pine and Lincoln Counties",38.692817,-114.742072,2019-10-30,2019-11-01,300,acres,"Broadcast prescribed fire, hazardous fuels reduction, habitat improvement",,
240,18-03,USDA Forest Service Ely Ranger District,North Schell Creek Range,39.638151,-114.722704,2018-01-10,2018-01-10,50,acres,Feuls reduction,,
241,18-57,Cyanco,"Cyanco plant, Winnemucca",40.944592,-117.860967,2018-04-16,2018-04-16,2,acres,Weed abatement,,
242,18-37,Naval Air Station Fallon,Fallon Naval Air Station; Ag parcel 4A05,39.450837,-118.709578,2018-04-10,2018-04-12,1,acres,Weed abatement,,
243,19-87,US Fish and Wildlife Service,Pahranagat NWR,37.2397222,-115.1061111,2019-09-25,2019-09-25,540,acres,Habitat management,,
244,17-28,Naval Air Station Fallon,Fallon Naval Air Station; Ag parcel 4A02,39.42047,-118.724216,2018-03-22,2018-03-25,500,acres,Weed abatement,,
245,APCP190159,North Lake Tahoe Fire Protection District,"Incline Village, off Mt. Rose Hwy; Washoe County parcel 125-010-18",39.265726,-119.974517,2019-10-21,2019-10-27,90,acres,,,
246,18-03,USDA Forest Service Ely Ranger District,North Schell Creek Range,39.638151,-114.722704,2018-01-11,2018-01-11,60,acres,Feuls reduction,,
247,17-28,Naval Air Station Fallon,"Fallon Naval Air Station, Ag parcel 4A02",39.42047,-118.724216,2018-03-16,2018-03-18,300,acres,Weed abatement,,
248,18-03,USDA Forest Service Ely Ranger District,North Schell Creek Range,39.638151,-114.722704,2018-01-12,2018-01-12,50,acres,Feuls reduction,,
249,18-05,Bureau of Land Management - Battle Mountain Dist.,Eureka County,39.502702,-115.953465,2018-03-10,2018-03-12,50,acres,"Fuel reduction, slash disposal",,
250,18-03,USDA Forest Service Ely Ranger District,North Schell Creek Range,39.638151,-114.722704,2018-01-17,2018-01-17,25,acres,Feuls reduction,,
251,18-03,USDA Forest Service Ely Ranger District,North Schell Creek Range,39.638151,-114.722704,2018-01-19,2018-01-19,50,acres,Feuls reduction,,
252,APCP190158,North Lake Tahoe Fire Protection District,"Incline Village, off Mt. Rose Hwy; Washoe County parcel 125-030-06",39.277347,-119.95285,2019-10-07,2019-10-11,99,acres,,,Canceled
253,18-03,USDA Forest Service Ely Ranger District,North Schell Creek Range,39.638151,-114.722704,2018-01-28,2018-01-28,50,acres,Feuls reduction,,
254,18-03,USDA Forest Service Ely Ranger District,North Schell Creek Range,39.638151,-114.722704,2018-01-30,2018-01-30,20,acres,Feuls reduction,,
255,20-33,US Fish and Wildlife Service - Las Vegas,"Ash Meadows NWR, Nye County",36.416799,-116.293091,2020-01-15,2020-01-15,18,acres,Habitat improvement and restoration,Wetland,
256,18-37,Naval Air Station Fallon,Fallon Naval Air Station; Ag parcels,39.450837,-118.709578,2018-03-29,2018-04-02,200,acres,Weed abatement,,
257,17-47,Tahoe Douglas Fire District,Cave Rock Area,39.046405,-119.942002,2017-12-02,2017-12-03,18,acres,Fuels reduction,,
258,17-47,Tahoe Douglas Fire District,Cave Rock Area,39.046405,-119.942002,2017-12-02,2017-12-03,18,acres,Fuels reduction,,
259,17-47,Tahoe Douglas Fire District,Cave Rock Area,39.046405,-119.942002,2017-12-02,2017-12-03,18,acres,Fuels reduction,,
260,17-47,Tahoe Douglas Fire District,Cave Rock Area,39.046405,-119.942002,2017-12-02,2017-12-03,18,acres,Fuels reduction,,
261,17-47,Tahoe Douglas Fire District,Cave Rock Area,39.046405,-119.942002,2017-12-02,2017-12-03,18,acres,Fuels reduction,,
262,17-47,Tahoe Douglas Fire District,Cave Rock Area,39.046405,-119.942002,2017-12-02,2017-12-03,18,acres,Fuels reduction,,
263,17-47,Tahoe Douglas Fire District,Cave Rock Area,39.046405,-119.942002,2017-12-02,2017-12-03,18,acres,Fuels reduction,,
264,20-36,Hawthorne Army Depot,"Hawthorne Army Depot, Walker Lake fence line",38.547034,-118.653925,2020-03-31,2020-04-02,1,acres,Weed abatement and maintenance,"Vegetation, sagebrush, tumbleweeds",
265,19-63,Nevada Division of Forestry,Clear Creek,39.12486,-119.831,2019-04-10,2019-04-10,5,acres,Fuel reduction,,
266,19-64,Nevada Division of Forestry,Old Clear Creek Highway,39.10743,-119.8539,2019-04-10,2019-04-10,5,acres,Fuel reduction,,
267,18-87,US Fish and Wildlife Service - Las Vegas,Ruby Lake NWR,40.175614,-115.479444,2018-11-27,2018-11-30,700,acres,Habitat restoration and debris abatement,,via email
268,17-60,Tahoe Douglas Fire District,Upper Kingbury Grade area,38.973676,-119.898806,2017-11-17,2017-11-17,12,acres,Fuel reduction,,
269,20-07,Bureau of Land Management - Battle Mountain Dist.,Railroad Valley WMA,38.568833,-115.6575,2020-02-25,2020-02-25,200,acres,Wildlife habitat restoration,,
270,18-01,USDA Forest Service Ely Ranger District,"Timber Creek Campground, White Pine County",39.4,-114.6333,2018-01-09,2018-01-09,20,acres,Hazardous Fuel Reduction/Debris Abatement,,
271,19-61,Cyanco,Cyanco plant,40.943058,-117.862602,2019-04-16,2019-04-19,1,acres,Weed abatement,,
272,19-23,Round Mountain Gold Corporation,"Round Mountain Gold, Smoky Valley",38.717619,-117.0377006,2019-04-17,2019-04-18,1,acres,Safety/fire (fire extinguisher) training and weed control,,
273,19-23,Round Mountain Gold Corporation,"Round Mountain Gold, Smoky Valley",38.717619,-117.037701,2019-04-22,2019-04-22,2,acres,Safety/fire (fire extinguisher) training and weed control,,
274,19-23,Round Mountain Gold Corporation,"Round Mountain Gold, Smokey Valley",38.7179619,-117.0377006,2019-04-23,2019-04-23,2,acres,Safety/fire (fire extinguisher) training and weed control,,
275,19-77ext,East Fork Fire Protection Disctrict,"Minden-Tahoe Airport, east side",39.001029,-119.744945,2019-05-20,2019-05-20,1,acres,Training,,
276,19-85,Tahoe Douglas Fire District,Kingsbury Corridor,38.973676,-119.898806,2019-09-24,2019-09-24,2,acres,Fuels reduction,,
277,18-84,Bureau of Land Management - Ely District Office,"Box Canyon, South Snake Range, White Pine County",38.918611,-114.334722,2018-11-01,2018-11-02,190,acres,"Broadcast rx burn, hazardous fuels treatment in aspen and fir stands",,
278,19-23,Round Mountain Gold Corporation,"Round Mountain Gold, Smoky Valley",38.717962,-117.037701,2019-06-04,2019-06-07,3,acres,Safety/fire (fire extinguisher) training and weed control,,
279,19-47,USDA Forest Service Carson Ranger District,Clear Creek area,39.115048,-119.8855,2019-04-22,2019-04-25,10,acres,Fuels reduction,,
280,18-65,Cyanco,"Cyanco plant, Winnemucca",40.944592,-117.860967,2018-05-29,2018-05-29,2,acres,Weed abatement,,
281,17-06,USDA Forest Service Ely Ranger District,"North Schell Creek Range, North of McGill",39.638151,-114.722704,2017-12-05,2017-12-05,10,acres,Hazardous fuel reduction,,
282,19-23,Round Mountain Gold Corporation,"Round Mountain Gold, Smokey Valley",38.7179619,-117.0377006,2019-04-24,2019-04-25,1,acres,Safety/fire (fire extinguisher) training and weed control,,
283,18-65ext2,Cyanco,"Cyanco plant, Winnemucca",40.944592,-117.860967,2018-06-01,2018-06-01,2,acres,Weed abatement,,
284,17-06,USDA Forest Service Ely Ranger District,"North Schell Creek Range, North of McGill",39.638151,-114.722704,2017-12-04,2017-12-04,20,acres,Hazardous fuel reduction,,
285,19-23,Round Mountain Gold Corporation,"Round Mountain Gold, Smokey Valley",38.717962,-117.037701,2019-04-29,2019-05-01,1,acres,Safety/fire (fire extinguisher) training and weed control,,
286,18-17,Tahoe Douglas Fire District,Kingsbury Grade Corridor,38.973676,-119.898806,2018-02-08,2018-02-08,4,acres of piles,Fuel reduction,,
287,18-28,US Fish and Wildlife Service - Stillwater,Stillwater National Wildlife Refuge,39.595933,-118.478074,2018-02-06,2018-02-08,30,acres of piles,"Canal maintenance, debris removal",,
288,18-19,Tahoe Douglas Fire District,"Cave Rock, Lakeridge areas",39.098572,-119.929657,2018-02-03,2018-02-03,2,acres of piles,Fuel reduction,,
289,18-17,Tahoe Douglas Fire District,"THIS BURN WAS CANCELLED DUE TO POOR MIXING 2/2/2018 AM Edgewood Canyon, Kingsbury Grade",38.973676,-119.898806,2018-02-02,2018-02-02,10,acres of piles,Fuel reduction,,
290,18-17,Tahoe Douglas Fire District,"Edgewood Canyon, Kingsbury Grade Area",38.973676,-119.898806,2018-02-01,2018-02-01,7,acres of piles,Fuel reduction,,
291,18-20,Bureau of Land Management - Ely District Office,"Cold Springs, South Schell Creek Range",38.990112,-114.672996,2018-02-01,2018-02-03,7,acres of piles,Slash pile removal from hazardous fuels reduction project,,
292,18-78,Tahoe Douglas Fire District,Round Hill area,38.99737,-119.944465,2018-12-20,2018-12-20,2,acres of piles,Fuel reduction,,
293,18-17,Tahoe Douglas Fire District,"Edgewood Canyon, Kingsbury Corridor",38.973676,-119.898806,2018-01-31,2018-01-31,5,acres of piles,Fuel reduction,,
294,18-17,Tahoe Douglas Fire District,Kinsgbury Grade Corridor,38.973676,-119.898806,2018-02-09,2018-02-09,10,acres of piles,Fuel reduction,,
295,18-19,Tahoe Douglas Fire District,Glenbrook area,39.098572,-119.929657,2018-01-29,2018-01-29,7,acres of piles,Fuel reduction,,
296,18-79,Tahoe Douglas Fire District,Cave Rock area,39.098572,-119.929657,2018-12-21,2018-12-21,2,acres of piles,Fuel reduction,,
297,18-17,Tahoe Douglas Fire District,Kingsbury Corridor area,39.973646,-119.898806,2018-01-26,2018-01-26,40,acres of piles,Fuel reduction,,
298,17-61,Tahoe Douglas Fire District,Round Hill area,38.99737,-119.944465,2017-12-07,2017-12-07,2,acres of piles,Fuel reduction,,
299,18-77,Tahoe Douglas Fire District,Heavenly Ski Resort area,38.973676,-119.898806,2018-12-27,2018-12-27,3,acres of piles,Fuel reduction,,
300,18-89,Carson City Fire Department,Carlisle Ct; Kingsview area; Kings Canyon Carson City,39.160674,-119.793166,2018-12-04,2018-12-04,17,acres of piles,Fuels redcution,,
301,18-29,City of Winnemucca,"Vicee Canyon, Timberline area, Carson City",39.185638,-119.815697,2018-03-06,2018-03-12,35,acres of piles,Fuels reduction,,
302,APCP170165,Bureau of Land Management - Applegate Field Office,Vya; Washoe Co parcel #061-180-33,41.930902,-119.676599,2018-12-10,2018-12-13,160,acres of piles,,,
303,18-17,Tahoe Douglas Fire District,Kingsbury Grade Corridor,38.973676,-119.898806,2018-04-19,2018-04-19,10,acres of piles,Fuel reduction,,
304,18-03,USDA Forest Service Ely Ranger District,North Schell Range,39.638151,-114.722704,2018-12-06,2018-12-06,10,acres of piles,Feuls reduction,,
305,19-47,USDA Forest Service Carson Ranger District,"Clear Creek area, Carson City",39.11505,-119.8855,2019-03-25,2019-03-29,2,acres of piles,Fuels reduction,,
306,18-17,Tahoe Douglas Fire District,Kingsbury Grade Corridor,38.973676,-119.898806,2018-03-15,2018-03-15,1,acres of piles,Fuel reduction,,
307,18-77,Tahoe Douglas Fire District,Kingsbury Corridor,38.973676,-119.898806,2018-12-28,2018-12-28,1,acres of piles,Fuel reduction,,
308,18-19,Tahoe Douglas Fire District,Glenbrook area,39.098572,-119.929657,2018-03-09,2018-03-09,1,acres of piles,Fuel reduction,,
309,APCP170155,North Lake Tahoe Fire Protection District,Crystal Bay,39.2583,-119.987,2018-12-04,2018-12-13,30,acres of piles,,,WCAQMD
310,APCP170155,,Crystal Bay; Lakeview Ave,39.2393,-120.005,2018-12-03,2018-12-13,9,acres of piles,,,WCAQMD
311,18-70,USDA FS Lake Tahoe Basin Management Unit,Spooner FA 4-3,39.167154,-119.926242,2018-10-08,2018-10-09,13,acres of piles,Hazardous fuels reduction,,cancelled
312,18-71,USDA Forest Service Jarbidge Ranger District,Approximately 3 miles west of Jarbidge,41.86816,-115.453426,2018-11-05,2018-11-08,100,acres of piles,Fuel reduction (elimination of hand piled slash),,
313,18-85,Bureau of Land Management - Ely District Office,"South of Blue Mass Spring, Kern Mtn Range",39.724858,-114.231265,2018-11-02,2018-11-02,24,acres of piles,Jackpot slash piles removal from hazardous fuels reduction project,,
314,18-89,Carson City Fire Department,Kingview; Carlisle Ct. Carson City,39.160674,-119.7931662,2018-11-27,2018-11-29,17,acres of piles,Fuels redcution,,via email
315,18-89,Carson City Fire Department,"Carlisle Ct; Kingsview area; Kings Canyon, Carson City",39.160674,-119.793166,2018-12-05,2018-12-07,17,acres of piles,Fuels redcution,,
316,18-89,Carson City Fire Department,"Carlisle Ct., Kingsview area, Kings Canyon, Carson CIty",39.160674,-119.793166,2018-12-12,2018-12-14,15,acres of piles,Fuels redcution,,
317,18-17,Tahoe Douglas Fire District,Kingsbury Grade Corridor,38.973676,-119.898806,2018-02-15,2018-02-15,3,acres of piles,Fuel reduction,,
318,18-17,Tahoe Douglas Fire District,Kingsbury Grade Corridor,38.973676,-119.898806,2018-02-17,2018-02-17,3,acres of piles,Fuel reduction,,
319,18-25,Bureau of Land Management - Carson City District,"Como Mountain, south of Dayton",39.134479,-119.510212,2018-02-23,2018-02-23,17,acres of piles,Forest/fuels management,,
320,18-21,USDA Forest Service Jarbidge Ranger District,"Bear Creek Summit; one to five miles SW of Jarbidge, NV along the Charleston-Jarbidge Road",41.8505,-115.453083,2018-02-26,2018-02-27,50,acres of piles,"Fuel reduction, habitat restoration",,
321,18-29,City of Winnemucca,"Vicee Canyon, Timberline area, Carson City",39.185638,-119.815697,2018-02-27,2018-02-28,35,acres of piles,Fuels reduction,,
322,APCP170137,USDA FS Humboldt-Toiyabe,"Whites Creek area, off Hwy 431",39.40274,-119.863503,2018-12-10,2018-12-14,1,acres of piles,,,
323,18-17,Tahoe Douglas Fire District,Kingsbury Grade Corridor,38.973676,-119.898806,2018-02-28,2018-02-28,5,acres of piles,Fuel reduction,,
324,18-17,Tahoe Douglas Fire District,Kingsbury Grade Corridor,38.973676,-119.898806,2018-02-14,2018-02-14,5,acres of piles,Fuel reduction,,
325,18-17,Tahoe Douglas Fire District,Glenbrook area,38.973676,-119.898806,2018-03-01,2018-03-01,3,acres of piles,Fuel reduction,,
326,18-25,Bureau of Land Management - Carson City District,Como Mountain; south of Dayton,39.134479,-119.510212,2018-03-02,2018-03-02,17,acres of piles,Forest/fuels management,,
327,18-05,Bureau of Land Management - Battle Mountain Dist.,Eureka area,39.502702,-115.953465,2018-03-02,2018-03-04,50,acres of piles,"Fuel reduction, slash disposal",,
328,18-17,Tahoe Douglas Fire District,Kingsbury Grade Corridor,38.973676,-119.898806,2018-03-08,2018-03-08,1,acres of piles,Fuel reduction,,
329,18-25,Bureau of Land Management - Carson City District,Sunrise Pass area,39.134479,-119.510212,2018-03-06,2018-03-06,67,acres of piles,Forest/fuels management,,
330,APCP170155,North Lake Tahoe Fire Protection District,Incline Village/Crystal Bay; Washoe County Parcel #126-010-60,39.253887,-119.916218,2018-11-26,2018-11-30,30,acres of piles,,,WCAQMD
331,18-25,Bureau of Land Management - Carson City District,Como Mountain; south of Dayton,39.134479,-119.510212,2018-02-28,2018-02-28,17,acres of piles,Forest/fuels management,,
332,APCP180161,USDA FS Lake Tahoe Basin Management Unit,"Incline Village, Washoe County parcel #126-020-52",39.262609,-119.934344,2020-01-20,2020-01-31,,acres of piles,Pile burning,,
333,19-99,USDA Forest Service Ely Ranger District,North Schell Creek Range,39.638151,-114.722704,2019-12-05,2019-12-05,40,acres of piles,Fuels reduction,,
334,APCP180162,USDA FS Lake Tahoe Basin Management Unit,Glenbrook/Spooner area,39.167154,-119.926242,2020-01-09,2020-01-10,129,acres of piles,Pile burning,,
335,20-22,Tahoe Douglas Fire District,"Zephyr Cove/Zephyr Heights, Lake Tahoe",38.99732,-119.944465,2020-01-09,2020-01-09,1,acres of piles,Fuel reduction,Pine slash and brush,
336,20-23,Tahoe Douglas Fire District,Kingsbury Corridor area,38.973676,-119.898806,2020-01-10,2020-01-10,1,acres of piles,Fuel reduction,Pine slash and brush,
337,19-94,City of Ely Landfill,Ely landfill,39.2853,-114.8687,2020-01-13,2020-01-13,1,acres of piles,Fire training,,
338,20-06,Bureau of Land Management - Battle Mountain Dist.,"Manhattan, NV; northern Nye County",38.532053,-117.067246,2020-01-14,2020-01-14,20,acres of piles,"Fuel reduction, slash disposal",,
339,20-24,Tahoe Douglas Fire District,"Glenbrook area, Lake Tahoe",39.098573,-119.929657,2020-01-14,2020-01-14,3,acres of piles,Fuel reduction,Pine slash and brush,
340,20-24,Tahoe Douglas Fire District,"Glenbrook area, Lake Tahoe",39.098573,-119.929657,2020-01-15,2020-01-15,2,acres of piles,Fuel reduction,Pine slash and brush,
341,APCP190047,Bureau of Land Management - Applegate Field Office,"Vya PPA Pile Burn, Washoe County parcel# 061-180-33",41.962569,-119.706219,2020-01-08,2020-01-17,1000,acres of piles,Pile burning,,
342,20-24,Tahoe Douglas Fire District,"Glenbrook area, Lake Tahoe",39.098573,-119.929657,2020-01-17,2020-01-17,7,acres of piles,Fuel reduction,Pine slash and brush,
343,20-22,Tahoe Douglas Fire District,"Glenbrook area, Lake Tahoe",38.99732,-119.944465,2020-01-07,2020-01-07,1,acres of piles,Fuel reduction,Pine slash and brush,
344,APCP190162,,"Incline Village, Washoe County parcel #126-050-52",39.262207,-119.929631,2020-01-20,2020-01-31,4,acres of piles,,,
345,APCP190157,North Lake Tahoe Fire Protection District,"Incline Village, Washoe County parcel #125-010-17",39.262884,-119.989244,2020-01-20,2020-01-31,20,acres of piles,Pile burning,,
346,20-34,Hawthorne Army Depot,Hawthorne Army Depot,38.547034,-118.653925,2020-01-20,2020-01-24,1,acres of piles,Weed abatement and maintenance,"Vegetation, sagebrush, tumbleweeds",
347,20-24,Tahoe Douglas Fire District,"Glenbrook area, Lake Tahoe",39.098573,-119.929657,2020-01-21,2020-01-21,7,acres of piles,Fuel reduction,Pine slash and brush,
348,20-25,Carson City Fire Department,"Vicee Canyon, Carson City",39.185638,-119.815697,2020-01-22,2020-01-25,35,acres of piles,Fuel reduction,"Sagebrush, bitter brush, manzanita, dead and downed conifer slash",
349,20-24,Tahoe Douglas Fire District,"Glenbrook area, Lake Tahoe",39.098573,-119.929657,2020-01-22,2020-01-22,5,acres of piles,Fuel reduction,Pine slash and brush,
350,20-10,Naval Air Station Fallon,"NAS Fallon, Range Training Complex B-19",39.1554726,-118.7364324,2020-01-22,2020-01-24,2,acres of piles,"Weed abatement, fuel reduction and/or scrap wood/cardboard for fire fighter training",,
351,20-11,Naval Air Station Fallon,"NAS Fallon, Range Training Complex B-17",39.2343925,-118.284953,2020-01-22,2020-01-24,2,acres of piles,"Weed abatement, fuel reduction and/or scrap wood/cardboard for fire fighter training",,
352,20-24,Tahoe Douglas Fire District,"Glenbrook area, Lake Tahoe",39.098573,-119.929657,2020-01-16,2020-01-16,10,acres of piles,Fuel reduction,Pine slash and brush,
353,19-85,Tahoe Douglas Fire District,Kingsbury Corridor,38.97367,-119.8988,2019-12-13,2019-12-13,5,acres of piles,Fuels reduction,,
354,19-29,Storey County Fire Protection District,"Storey County, Highlands station",39.388407,-119.63112,2019-12-05,2019-12-05,20,acres of piles,Fuels reduction,,
355,19-85,Tahoe Douglas Fire District,Kingsbury Corridor,39.973676,-119.898806,2019-12-06,2019-12-06,10,acres of piles,Fuels reduction,,
356,18-79,Tahoe Douglas Fire District,Cave Rock area,39.098572,-119.929657,2018-12-29,2018-12-29,2,acres of piles,Fuel reduction,,
357,19-99,USDA Forest Service Ely Ranger District,North Schell Creek Range,39.63815,-114.7227,2019-12-08,2019-12-08,40,acres of piles,Fuels reduction,,
358,19-63,Nevada Division of Forestry,"Old Woods Ranch, Carson City",39.12486,-119.831,2019-03-25,2019-03-29,11,acres of piles,Fuel reduction,,
359,19-10,Storey County Fire Protection District,"Hwy 341, Baileys Canyon, Storey County",39.375,-119.6573,2019-12-09,2019-12-11,30,acres of piles,Fuels Reduction,,
360,19-99,USDA Forest Service Ely Ranger District,North Schell Creek Range,39.63815,-114.7227,2019-12-09,2019-12-09,20,acres of piles,Fuels reduction,,
361,19-99,USDA Forest Service Ely Ranger District,North Schell Creek Range,39.63815,-114.7227,2019-12-11,2019-12-13,40,acres of piles,Fuels reduction,,
362,20-22,Tahoe Douglas Fire District,"Zephyr Heights, Lake Tahoe",38.99732,-119.944465,2020-01-08,2020-01-08,1,acres of piles,Fuel reduction,Pine slash and brush,
363,19-85,Tahoe Douglas Fire District,Kingsbury Corridor,38.973676,-119.898806,2019-12-12,2019-12-12,5,acres of piles,Fuels reduction,,
364,20-47,National Park Service - Lake Mead NRA,"Great Basin NP, Cave Springs area",39.015442,-114.234097,2020-01-27,2020-01-27,14,acres of piles,Hazardous fuel reduction from rangeland restoration project,"Pinyon Juniper, sage, aspen slash",2 ac completed
365,19-10,Storey County Fire Protection District,"Storey County, Geiger Summit",39.34972,-119.6469,2019-12-16,2019-12-16,20,acres of piles,Fuels Reduction,,
366,19-104,Carson City Fire Department,"Vicee Canyon, Carson City",39.185638,-119.815697,2019-12-16,2019-12-21,35,acres of piles,Fuels reduction,,
367,19-85,Tahoe Douglas Fire District,Kingsbury Corridor,38.97367,-119.8988,2019-12-17,2019-12-17,5,acres of piles,Fuels reduction,,
368,19-89,USDA Forest Service Carson Ranger District,Kingsbury Corridor,38.97367,-119.8988,2019-12-19,2019-12-19,3,acres of piles,Fuels reduction,,
369,19-103,Bureau of Land Management - Ely District Office,"Mallory Canyon area, Kern Mountains",39.674504,-114.145304,2019-12-19,2019-12-19,27,acres of piles,Jackpot slash piles removal from hazardous fuels reduction project,,
370,APCP190157,North Lake Tahoe Fire Protection District,"Incline Village, Washoe County parcel #125-010-17",39.262884,-119.989244,2020-01-06,2020-01-17,38,acres of piles,Pile burning,,
371,APCP190162,,"Incline Village, Washoe County parcel #126-050-52",39.262207,-119.929631,2020-01-06,2020-01-17,10,acres of piles,,,
372,APCP180161,USDA FS Lake Tahoe Basin Management Unit,"Incline Village, Washoe County parcel #126-020-52",39.262609,-119.934344,2020-01-06,2020-01-17,,acres of piles,Pile burning,,
373,19-85,Tahoe Douglas Fire District,Kingsbury Corridor,38.973676,-119.898806,2019-12-11,2019-12-11,3,acres of piles,Fuels reduction,,
374,20-24,Tahoe Douglas Fire District,"Glenbrook area, Lake Tahoe",39.098572,-119.929657,2020-03-05,2020-03-05,5,acres of piles,Fuel reduction,Pine slash and brush,
375,20-17,Naval Air Station Fallon,"NAS Fallon, nature trail and ag parcels",39.450837,-118.709578,2020-02-22,2020-02-23,40,acres of piles,Weed abatement,,
376,APCP190157,North Lake Tahoe Fire Protection District,"Incline Village, Washoe County parcel #125-010-17",39.262884,-119.989244,2020-02-18,2020-02-28,20,acres of piles,Pile burning,,
377,APCP180161,USDA FS Lake Tahoe Basin Management Unit,"Mt. Rose Hwy, Washoe County parcel #126-020-52",39.262604,-119.934344,2020-02-18,2020-02-28,547,acres of piles,Pile burning,,
378,20-17,Naval Air Station Fallon,"NAS Fallon, nature trail and ag parcels",39.450837,-118.709578,2020-02-24,2020-02-29,40,acres of piles,Weed abatement,,
379,APCP190047,Bureau of Land Management - Applegate Field Office,Vya pile burn; Calcutta/Board Corral units,41.962569,-119.706219,2020-02-20,2020-02-28,900,acres of piles,Pile burning,,
380,20-28,USDA FS Lake Tahoe Basin Management Unit,Spooner Summit area,39.087346,-119.896815,2020-03-01,2020-03-02,10,acres of piles,Hazardous fuel reduction,Conifer slash,
381,20-32,USDA Forest Service Carson Ranger District,Genoa - Kingsbury Grade area,38.996724,-119.854657,2020-03-02,2020-03-05,5,acres of piles,Fuels reduction,Brush and small tree slash piles,
382,19-91,USDA FS Lake Tahoe Basin Management Unit,Spooner Summit area; TDFPD under contract with USFS,39.101769,-119.900199,2020-03-03,2020-03-03,10,acres of piles,Hazardous fuels reduction,,
383,20-06,Bureau of Land Management - Battle Mountain Dist.,"North end of Nye County; Manhattan, NV",38.532053,-117.067246,2020-01-23,2020-01-27,150,acres of piles,"Fuel reduction, slash disposal",,
384,20-24,Tahoe Douglas Fire District,"Glenbrook area, Lake Tahoe",39.098572,-119.929657,2020-03-04,2020-03-04,5,acres of piles,Fuel reduction,Pine slash and brush,
385,19-98,USDA Forest Service Ely Ranger District,"Grant-Quinn Ranges, Adaven Rx",38.11621,-115.6226,2020-02-10,2020-02-10,200,acres of piles,Fuels reduction,,
386,20-24,Tahoe Douglas Fire District,"Glenbrook area, Lake Tahoe",39.098572,-119.929657,2020-03-06,2020-03-06,5,acres of piles,Fuel reduction,Pine slash and brush,
387,20-24,Tahoe Douglas Fire District,"Glenbrook area, Lake Tahoe",39.098572,-119.929657,2020-03-10,2020-03-10,4,acres of piles,Fuel reduction,Pine slash and brush,
388,20-24,Tahoe Douglas Fire District,"Glenbrook area, Lake Tahoe",39.098572,-119.929657,2020-03-11,2020-03-11,4,acres of piles,Fuel reduction,Pine slash and brush,
389,20-24,Tahoe Douglas Fire District,"Glenbrook area, Lake Tahoe",39.098572,-119.929657,2020-03-12,2020-03-12,5,acres of piles,Fuel reduction,Pine slash and brush,
390,20-24,Tahoe Douglas Fire District,"Glenbrook area, Lake Tahoe",39.098572,-119.929657,2020-03-13,2020-03-13,2,acres of piles,Fuel reduction,Pine slash and brush,
391,20-57,Carson City Fire Department,"Kings Canyon area, Carson City",39.156833,-119.814597,2020-03-17,2020-03-20,7,acres of piles,Fuels reduction,"Sagebrush, bitter brush, manzanita, dead and downed conifer",
392,20-24,Tahoe Douglas Fire District,"Glenbrook area, Lake Tahoe",39.098573,-119.929657,2020-03-18,2020-03-18,5,acres of piles,Fuel reduction,Pine slash and brush,
393,20-24,Tahoe Douglas Fire District,"Lake Tahoe, Glenbrook area",39.098573,-119.292657,2020-03-19,2020-03-19,3,acres of piles,Fuel reduction,Pine slash and brush,
394,20-54,Nevada Division of Forestry,"Lincoln County, Cole Ranch",38.396636,-114.351043,2020-03-03,2020-03-03,4,acres of piles,Fuel reduction and sage grouse habitat improvement,Pinyon and juniper slash,
395,APCP180161,USDA FS Lake Tahoe Basin Management Unit,"Mt. Rose Hwy, Washoe County parcel #126-020-52",39.262604,-119.934344,2020-02-03,2020-02-14,547,acres of piles,Pile burning,,
396,19-99,USDA Forest Service Ely Ranger District,North Schell Creek Range,39.63815,-114.7227,2019-12-07,2019-12-07,40,acres of piles,Fuels reduction,,
397,20-32,USDA Forest Service Carson Ranger District,"Genoa area, Kingsbury corridor",38.996724,-119.854657,2020-01-27,2020-01-30,68,acres of piles,Fuels reduction,Brush and small tree slash piles,
398,20-24,Tahoe Douglas Fire District,"Glenbrook area, Lake Tahoe",39.098572,-119.929657,2020-01-28,2020-01-28,1,acres of piles,Fuel reduction,Pine slash and brush,
399,20-47,National Park Service - Lake Mead NRA,"Great Basin NP, Cave Springs area",39.015442,-114.234097,2020-01-28,2020-01-28,12,acres of piles,Hazardous fuel reduction from rangeland restoration project,"Pinyon Juniper, sage, aspen slash",
400,20-46,National Park Service - Lake Mead NRA,"Great Basin NP, Big Pine area",39.004386,-114.2314,2020-01-28,2020-01-28,15,acres of piles,Hazardous fuel reduction from rangeland restoration project,"Pinyon Juniper, sage, aspen slash",
401,20-45,National Park Service - Lake Mead NRA,"Great Basin NP, Rudolph Canyon area",38.960219,-114.157758,2020-01-29,2020-01-29,15,acres of piles,Hazardous fuel reduction from rangeland restoration project,"Pinyon Juniper, sage, aspen slash",
402,20-24,Tahoe Douglas Fire District,"Glenbrook area, Lake Tahoe",39.098572,-119.929657,2020-01-29,2020-01-29,1,acres of piles,Fuel reduction,Pine slash and brush,
403,20-45,National Park Service - Lake Mead NRA,"Great Basin NP, Rudolph Canyon area",38.960219,-114.157758,2020-01-29,2020-01-29,25,acres of piles,Hazardous fuel reduction from rangeland restoration project,"Pinyon Juniper, sage, aspen slash",
404,19-98,USDA Forest Service Ely Ranger District,"Grant-Quinn Ranges, Adaven Rx",38.11621,-115.6226,2020-02-12,2020-02-12,200,acres of piles,Fuels reduction,,
405,20-23,Tahoe Douglas Fire District,"Kingsbury Corridor, Lake Tahoe",38.973676,-119.898806,2020-01-31,2020-01-31,2,acres of piles,Fuel reduction,Pine slash and brush,
406,19-98,USDA Forest Service Ely Ranger District,"Grant-Quinn Ranges, Adaven Rx",38.11621,-115.6226,2020-02-11,2020-02-11,200,acres of piles,Fuels reduction,,
407,APCP190162,,"Mt. Rose Hwy, Washoe County parcel #126-020-52",39.260207,-119.929631,2020-02-03,2020-02-14,129,acres of piles,,,
408,APCP190157,North Lake Tahoe Fire Protection District,"Incline Village, Washoe County parcel #125-010-17",39.262884,-119.989244,2020-02-03,2020-02-14,20,acres of piles,Pile burning,,
409,19-98,USDA Forest Service Ely Ranger District,"Grant-Quinn Ranges, Adaven Rx",38.11621,-115.6226,2020-02-04,2020-02-04,20,acres of piles,Fuels reduction,,
410,20-28,USDA FS Lake Tahoe Basin Management Unit,"Secret Aspen Unit GE 23; Lake Tahoe, Hwy 50 corridor",39.087346,-119.896815,2020-02-05,2020-02-05,7,acres of piles,Hazardous fuel reduction,Conifer slash,
411,19-98,USDA Forest Service Ely Ranger District,"Grant-Quinn Ranges, Adaven Rx",38.11621,-115.6226,2020-02-05,2020-02-05,20,acres of piles,Fuels reduction,,
412,20-28,USDA FS Lake Tahoe Basin Management Unit,"Secret Aspen unit GE 23; Lake Tahoe, Hwy 50",39.087346,-119.896815,2020-02-06,2020-02-06,7,acres of piles,Hazardous fuel reduction,Conifer slash,
413,19-98,USDA Forest Service Ely Ranger District,"Grant-Quinn Ranges, Adaven Rx",38.11621,-115.6226,2020-02-07,2020-02-07,40,acres of piles,Fuels reduction,,
414,20-28,USDA FS Lake Tahoe Basin Management Unit,"Spooner-Glenbrook area, Lake Tahoe",39.087346,-119.896815,2020-02-10,2020-02-10,10,acres of piles,Hazardous fuel reduction,Conifer slash,
415,20-22,Tahoe Douglas Fire District,"Zephyr Heights area, Lake Tahoe",38.99732,-119.944465,2020-01-23,2020-01-23,1,acres of piles,Fuel reduction,Pine slash and brush,
416,20-24,Tahoe Douglas Fire District,"Glenbrook area, Lake Tahoe",39.098572,-119.929657,2020-01-30,2020-01-30,1,acres of piles,Fuel reduction,Pine slash and brush,
417,19-26,Tahoe Douglas Fire District,Zephyr Heights,38.973676,-119.898806,2019-04-02,2019-04-02,5,acres of piles,Fuel reduction,,
418,19-61ext,Cyanco,"Cyanco Plant, Winnemucca",40.943058,-117.862602,2019-03-18,2019-03-22,40,acres of piles,Weed abatement,,
419,19-47,USDA Forest Service Carson Ranger District,"Clear Creek, Carson City",39.11505,-119.8855,2019-03-18,2019-03-18,2,acres of piles,Fuels reduction,,
420,19-47,USDA Forest Service Carson Ranger District,"Clear Creek, Carson City",39.11505,-119.8855,2019-03-19,2019-03-19,3,acres of piles,Fuels reduction,,
421,19-47,USDA Forest Service Carson Ranger District,"Clear Creek, Carson City",39.11505,-119.8855,2019-03-20,2019-03-20,3,acres of piles,Fuels reduction,,
422,19-28,Tahoe Douglas Fire District,Glenbrook area,39.098572,-119.929657,2019-03-20,2019-03-20,50,acres of piles,Fuel reduction,,
423,19-61ext,Cyanco,"Cyanco Plant, Winnemucca",40.943058,-117.862602,2019-03-21,2019-03-22,2,acres of piles,Weed abatement,,
424,19-28,Tahoe Douglas Fire District,Glenbrook area,39.098572,-119.929657,2019-03-21,2019-03-21,50,acres of piles,Fuel reduction,,
425,19-63,Nevada Division of Forestry,Old Woods Ranch,39.12486,-119.831,2019-04-16,2019-04-16,5,acres of piles,Fuel reduction,,
426,19-61ext,Cyanco,"Cyanco plant, Winnemucca",40.943058,-117.862602,2019-03-26,2019-03-29,2,acres of piles,Weed abatement,,
427,19-53,Nevada Division of Forestry,"Winz Creek, Lincoln County",38.35967,-114.4155,2019-03-07,2019-03-07,4,acres of piles,Fuel reduction on sage grouse habitat imrpovement project,,
428,19-47,USDA Forest Service Carson Ranger District,USFS Clear Creek,39.115048,-119.8855,2019-04-08,2019-04-10,10,acres of piles,Fuels reduction,,
429,19-71,USDA FS Lake Tahoe Basin Management Unit,Kingsbury Urban Lot 4187,38.96575,-119.9209,2019-04-09,2019-04-09,1.4,acres of piles,Hazardous fuels reduction,,
430,APCP190029,USDA Forest Service Carson Ranger District,"Whites Creek Drainage, Washoe County parcel #049-010-31",39.387058,-119.865599,2019-12-09,2019-12-13,177,acres of piles,Pile burning,,
431,19-65,National Park Service - Lake Mead NRA,Soap Creek Pile Rx,38.98916111,-114.2405556,2019-04-09,2019-04-09,15,acres of piles,Hazard fuel reduction from range restoration project,,
432,19-99,USDA Forest Service Ely Ranger District,North Schell Creek Range,39.638151,-114.722704,2019-12-06,2019-12-06,50,acres of piles,Fuels reduction,,
433,19-47,USDA Forest Service Carson Ranger District,USFS Clear Creek,39.115048,-119.8855,2019-04-11,2019-04-11,10,acres of piles,Fuels reduction,,
434,19-63,Nevada Division of Forestry,Old Woods Ranch,39.12486,-119.831,2019-04-11,2019-04-11,2,acres of piles,Fuel reduction,,
435,19-28,Tahoe Douglas Fire District,Glenbrook area,39.098573,-119.929657,2019-04-11,2019-04-11,2,acres of piles,Fuel reduction,,
436,19-64,Nevada Division of Forestry,"Clear Creek area, Carson City",39.10743,-119.8534,2019-03-25,2019-03-29,20,acres of piles,Fuel reduction,,
437,19-44,USDA Forest Service Ely Ranger District,North Schell Creek Range,39.638151,-114.722704,2019-02-06,2019-02-06,20,acres of piles,Fuels reduction,,
438,19-24,Carson City Fire Department,Vicee Canyon,39.185638,-119.825697,2019-01-02,2019-01-04,10,acres of piles,Fuels Reduction,,
439,19-26,Tahoe Douglas Fire District,"Round Hill/Zephyr Cove, Tranquility Estates",38.99737,-119.944465,2019-01-09,2019-01-09,75,acres of piles,Fuel reduction,,
440,19-26,Tahoe Douglas Fire District,Round Hill/Zephyr Cove,38.99737,-119.944465,2019-01-10,2019-01-10,5,acres of piles,Fuel reduction,,
441,19-26,Tahoe Douglas Fire District,Round Hill/Zephyr Cove,38.99737,-119.944465,2019-01-11,2019-01-11,5,acres of piles,Fuel reduction,,
442,19-26,Tahoe Douglas Fire District,"Round Hill, Tranquility Estates",38.99737,-119.944465,2019-01-12,2019-01-12,3,acres of piles,Fuel reduction,,
443,19-26,Tahoe Douglas Fire District,"Round Hill/Zephyr Cove, Tranquility Estates",38.99737,-119.944465,2019-01-16,2019-01-16,5,acres of piles,Fuel reduction,,
444,19-24,Carson City Fire Department,"Vicee Canyon, Timberline area, Carson City",39.185638,-119.825697,2019-01-22,2019-01-24,10,acres of piles,Fuels Reduction,,
445,APCP170165,Bureau of Land Management - Applegate Field Office,Vya PPA Pile Burn; Calcutta or 49 Mtn Units,41.930902,-119.676599,2019-02-04,2019-02-07,240,acres of piles,,,
446,19-61,Cyanco,"Cyanco Plant, Winnemucca",40.944592,-117.860967,2019-03-13,2019-03-13,40,acres of piles,Weed abatement,,
447,APCP170137,USDA FS Humboldt-Toiyabe,Whites Creek Drainage; Washoe County parcel 049-010-31,39.40274,-119.863503,2019-02-05,2019-02-08,,acres of piles,,,
448,19-53,Nevada Division of Forestry,"Winz Creek, Lincoln County",38.35967,-114.4155,2019-03-11,2019-03-11,5,acres of piles,Fuel reduction on sage grouse habitat imrpovement project,,
449,19-03,Bureau of Land Management - Battle Mountain Dist.,"Near Ione, NV",39.951589,-117.589149,2019-02-06,2019-02-06,25,acres of piles,"Fuel reduction, slash disposal",,
450,19-44,USDA Forest Service Ely Ranger District,North Schell Creek Range,39.638151,-114.722704,2019-02-07,2019-02-07,20,acres of piles,Fuels reduction,,Changed to 80 ac
451,19-44,USDA Forest Service Ely Ranger District,North Schell Creek Range,39.638151,-114.722704,2019-02-08,2019-02-08,30,acres of piles,Fuels reduction,,
452,19-44,USDA Forest Service Ely Ranger District,North Schell Creek Range,39.638151,-114.722704,2019-02-12,2019-02-12,30,acres of piles,Fuels reduction,,
453,19-53,Nevada Division of Forestry,"Winz Creek, Lincoln County",38.35967,-114.4155,2019-02-26,2019-02-26,3,acres of piles,Fuel reduction on sage grouse habitat imrpovement project,,
454,19-53,Nevada Division of Forestry,"Winz Creek, Lincoln County",38.35967,-114.4155,2019-02-27,2019-02-27,3,acres of piles,Fuel reduction on sage grouse habitat imrpovement project,,
455,19-53,Nevada Division of Forestry,"Winz Creek, Lincoln County",38.35967,-114.4155,2019-03-04,2019-03-04,3,acres of piles,Fuel reduction on sage grouse habitat imrpovement project,,
456,19-18,Naval Air Station Fallon,Agricultural Parcels,39.450837,-118.709578,2019-04-09,2019-04-13,20,acres of piles,Weed abatement,,
457,19-43,Bureau of Land Management - Ely District Office,"Sawmill Canyon; west of Comins Lake, south of Ely",39.135317,-114.841116,2019-02-06,2019-02-07,50,acres of piles,Jackpot slash piles removal from previous hazardous fuels reduction project,,
458,APCP190157,North Lake Tahoe Fire Protection District,Diamond Peak Ski Resort,39.262884,-119.989244,2019-11-11,2019-11-24,125,acres of piles,Pile burning,,canceled
459,19-64,Nevada Division of Forestry,Clear Creek,39.10743,-119.8534,2019-04-16,2019-04-16,5,acres of piles,Fuel reduction,,
460,19-26,Tahoe Douglas Fire District,Round Hill/Zephyr Cove,38.973676,-119.898806,2019-05-06,2019-05-06,1,acres of piles,Fuel reduction,,
461,19-76,Nevada Division of Forestry,"Spooner State Park, Highway 28",39.108217,-119.912225,2019-05-08,2019-05-31,348,acres of piles,Fuel reduction,,
462,19-28,Tahoe Douglas Fire District,Cave Rock/Lakeridge area,39.098572,-119.929657,2019-05-10,2019-05-10,1,acres of piles,Fuel reduction,,
463,19-24,Carson City Fire Department,"Vicee Canyon, Carson City",39.185638,-119.815697,2019-05-22,2019-05-23,35,acres of piles,Fuels Reduction,,
464,19-27,Tahoe Douglas Fire District,"Kingbury Corridor, Boulder Lodge, Heavenly Valley",38.973676,-119.898806,2019-05-22,2019-05-22,5,acres of piles,Fuel reduction,,
465,19-24,Carson City Fire Department,"Vicee Canyon, Carson City",39.185638,-119.815697,2019-05-28,2019-05-29,35,acres of piles,Fuels Reduction,,
466,19-85,Tahoe Douglas Fire District,Kingsbury Corridor,38.973676,-119.898806,2019-09-25,2019-09-25,1,acres of piles,Fuels reduction,,
467,19-28,Tahoe Douglas Fire District,Glenbrook area,39.098573,-119.929657,2019-04-24,2019-04-24,2,acres of piles,Fuel reduction,,
468,APCP190157,North Lake Tahoe Fire Protection District,Diamond Peak Ski Resort,39.262884,-119.989244,2019-10-28,2019-11-08,125,acres of piles,Pile burning,,Canceled
469,19-26,Tahoe Douglas Fire District,Zephyr Cove area,38.99737,-119.944465,2019-05-04,2019-05-04,1,acres of piles,Fuel reduction,,
470,19-85,Tahoe Douglas Fire District,Kingsbury Corridor area,38.973676,-119.898806,2019-11-21,2019-11-21,2,acres of piles,Fuels reduction,,
471,19-85,Tahoe Douglas Fire District,Kingsbury Corridor area,38.973676,-119.898806,2019-11-22,2019-11-22,2,acres of piles,Fuels reduction,,
472,19-86,Tahoe Douglas Fire District,"Glenbrook, Laveview, Cave Rock area",39.098572,-119.929657,2019-11-26,2019-11-26,2,acres of piles,Fuels reduction,,
473,19-104,Carson City Fire Department,"Vicee Canyon, Carson City",39.185638,-119.815697,2019-12-03,2019-12-07,20,acres of piles,Fuels reduction,,
474,APCP190029,USDA Forest Service Carson Ranger District,"Carson Ranger District, Washoe County parcel #049-010-31",39.387058,-119.865599,2019-12-02,2019-12-06,177,acres of piles,Pile burning,,
475,APCP190047,Bureau of Land Management - Applegate Field Office,"Vya PPA Pile Burn, Washoe County parcel# 061-180-33",41.962569,-119.706219,2019-12-04,2019-12-05,150,acres of piles,Pile burning,,
476,APCP190157,North Lake Tahoe Fire Protection District,Incline Village/Crystal Bay pile burns,39.262884,-119.989244,2019-12-02,2019-12-20,75,acres of piles,Pile burning,,
477,19-85,Tahoe Douglas Fire District,Kingsbury Corridor,38.973676,-119.898806,2019-12-05,2019-12-05,4,acres of piles,Fuels reduction,,
478,APCP170165,Bureau of Land Management - Applegate Field Office,Vya PPA Pile Burn; Washoe County parcel #061-180-33,41.930902,-119.676599,2019-09-30,2019-10-03,400,acres of piles,,,
479,19-63,Nevada Division of Forestry,Old Woods Ranch,39.12486,-119.831,2019-04-17,2019-04-17,3,acres of piles,Fuel reduction,,
480,19-47,USDA Forest Service Carson Ranger District,Clear Creek area,39.115048,-119.8855,2019-04-22,2019-04-24,10,acres of piles,Fuels reduction,,
481,19-28,Tahoe Douglas Fire District,Glenbrook area,39.098573,-119.929657,2019-04-18,2019-04-18,2,acres of piles,Fuel reduction,,
482,19-28,Tahoe Douglas Fire District,Glenbrook area,39.098573,-119.929657,2019-04-17,2019-04-17,2,acres of piles,Fuel reduction,,
483,19-67,City of Winnemucca,Clear Creek,39.10743,-119.8534,2019-04-17,2019-04-17,2,acres of piles,Debris and weed abatement; clean up by general public,,
484,18-38,Naval Air Station Fallon,Fallon Naval Air Station; Ditches along Pasture Rd and Union Ln,39.412537,-118.726074,2018-04-07,2018-04-23,1000,linear feet,Mosquito and weed abatement,,
485,20-36,Hawthorne Army Depot,Hawthorne Army Depot,38.547034,-118.653925,2020-01-20,2020-01-24,300,linear feet,Weed abatement and maintenance,"Vegetation, sagebrush, tumbleweeds",
486,19-73,Nevada Department of Transportation - Winnemucca,I 80 Pershing County,40.736982,-118.02908,2019-04-15,2019-04-15,15000,linear feet,Fuel reduction and debris abatement (tumbleweeds along fenceline),,
487,19-31,Nevada Department of Transportation - Winnemucca,SR 140,41.698105,-118.502442,2019-04-16,2019-04-16,5000,linear feet,Fuel reduction and debris abatement,,
488,19-18,Naval Air Station Fallon,Agricultural Parcels Irrigation Ditch Weed Abatement,39.450837,-118.709578,2019-04-09,2019-04-13,6000,linear feet,Weed abatement,,
489,17-30,Naval Air Station Fallon,Fallon Naval Air Station; Many ditch locations,39.42047,-118.724216,2018-02-22,2018-02-23,2000,linear feet,Weed and mosquito abatement,,
490,19-18,Naval Air Station Fallon,Naval Air Station Fallon; irrigation ditch,39.450837,-118.709578,2019-04-27,2019-05-03,5000,linear feet,Weed abatement,,
491,19-18,Naval Air Station Fallon,"Fallon NAS, Ag parcel 4A03 irrigation ditch",39.450837,-118.709578,2019-11-19,2019-11-25,1200,linear feet,Weed abatement,,
492,18-56,Hawthorne Army Depot,"Hawthorne Army Ammunitions Depot; Main Base, Industrial fence line",38.547034,-118.653925,2018-04-09,2018-04-09,900,linear feet,Weed abatement and maintenance,,
493,20-62,Nevada Department of Transportation - Winnemucca,"IR80 Pershing County, MM55-75",40.687148,-118.057502,2020-03-02,2020-03-06,160000,linear feet,Fuel reduction and debris abatement (tumbleweeds in fenceline),Tumble weeds,
494,19-34,Hawthorne Army Depot,Landfill Fence Line,38.547034,-118.653925,2019-02-07,2019-02-14,300,linear feet,Weed abatement and maintenance,,
495,19-34,Hawthorne Army Depot,Hawthorne Army Depot,38.547034,-118.653925,2019-04-17,2019-04-18,300,linear feet,Weed abatement and maintenance,,
496,17-30,Naval Air Station Fallon,Fallon Naval Air Station; Many ditch locations,39.42047,-118.724216,2018-02-26,2018-03-02,2000,linear feet,Weed and mosquito abatement,,
497,20-17,Naval Air Station Fallon,"Naval Air Station Fallon; nature trail, Ag parcels 4A01-4A11 and May Ranch",39.450837,-118.709578,2020-04-01,2020-04-15,5600,linear feet,Weed abatement,,
498,19-34,Hawthorne Army Depot,Hawthorne Army Depot,38.547034,-118.653925,2019-04-16,2019-04-16,300,linear feet,Weed abatement and maintenance,,
499,20-34,Hawthorne Army Depot,"Hawthorne Army Depot, landfill fenceline",38.547034,-118.653925,2020-01-27,2020-01-31,300,linear feet,Weed abatement and maintenance,"Vegetation, sagebrush, tumbleweeds",
500,17-30,Naval Air Station Fallon,"Fallon Naval Air Station; Many ditch locations around airfield runways, Pasture Rd, Union ln, Berney Rd, and May Ranch",39.42047,-118.724216,2018-01-22,2018-01-25,10000,linear feet,Weed and mosquito abatement,,
501,19-31,Nevada Department of Transportation - Winnemucca,SR 140,41.698105,-118.502442,2019-04-22,2019-04-22,5000,linear feet,Fuel reduction and debris abatement,,
502,19-31,Nevada Department of Transportation - Winnemucca,SR 140,41.698105,-118.502442,2019-04-23,2019-04-23,5000,linear feet,Fuel reduction and debris abatement,,
503,17-30,Naval Air Station Fallon,"Fallon Naval Air Station; Many ditch locations around airfield runways, Pasture Rd, Union ln, Berney Rd, and May Ranch",39.42047,-118.724216,2018-01-18,2018-01-19,2000,linear feet,Weed and mosquito abatement,,
504,19-18,Naval Air Station Fallon,"Fallon NAS, Ag parcels",39.450837,-118.709578,2019-03-30,2019-03-31,8000,linear feet,Weed abatement,,
505,19-18,Naval Air Station Fallon,Ag Parcels on Fallon Naval Air Station,39.450837,-118.709578,2019-03-24,2019-03-28,3000,linear feet,Weed abatement,,
506,19-04,Pershing County Landfill,"Pershing County Landfill, Lovelock",40.184005,-118.495257,2019-10-23,2019-10-23,900,linear feet,Debris abatement,,Canceled
507,19-18,Naval Air Station Fallon,Naval Air Station Fallon; irrigation ditches,39.450837,-118.709578,2019-04-22,2019-04-26,1200,linear feet,Weed abatement,,
508,17-30,Naval Air Station Fallon,"Fallon Naval Air Station; Many ditch locations around airfield runways, Pasture Rd, Union ln, Berney Rd, and May Ranch",39.42047,-118.898806,2018-02-05,2018-02-09,2000,linear feet,Weed and mosquito abatement,,
509,19-31,Nevada Department of Transportation - Winnemucca,SR140 Fence Line,41.698105,-118.502442,2019-04-02,2019-04-02,15840,linear feet,Fuel reduction and debris abatement,,
510,19-31,Nevada Department of Transportation - Winnemucca,SR140 Fence Line,41.698105,-118.502442,2019-04-04,2019-04-04,5280,linear feet,Fuel reduction and debris abatement,,
511,18-38,Naval Air Station Fallon,NAS Fallon; ditch locations on May Ranch,39.412537,-118.726074,2018-09-06,,6000,linear feet,Mosquito and weed abatement,,
512,19-31,Nevada Department of Transportation - Winnemucca,SR 140 Mile Marker 44-47,41.698105,-118.502442,2019-04-09,2019-04-09,15840,linear feet,Fuel reduction and debris abatement,,
513,17-30,Naval Air Station Fallon,Fallon Naval Air Station; Many ditch locations,39.42047,-118.724216,2018-03-12,2018-03-16,2000,linear feet,Weed and mosquito abatement,,
514,20-59,Nevada Department of Transportation - Winnemucca,"SR 292 Humboldt County, Denio area",41.989297,-118.635371,2020-02-20,2020-02-20,1320,linear feet,Fuel reduction and debris abatement,Tumble weeds,
515,18-37,Naval Air Station Fallon,TCID supply ditch; ag parcels,39.450837,-118.709578,2018-05-10,2018-05-14,2600,linear feet,Weed abatement,,
516,17-30,Naval Air Station Fallon,"Fallon Naval Air Station; Many ditch locations around airfield runways, Pasture Rd, Union ln, Berney Rd, and May Ranch",39.42047,-118.724216,2018-01-29,2018-02-02,2000,linear feet,Weed and mosquito abatement,,
