Registration #,,,Legal / LatLong,,,BT,OT,,Owner,,,,,,,,,Sale Name,Acres,Tons,,,M10,M1000,,,Rain,Burn Date,Time
Umpqua NF,,,,,,,,,,,,,,,,,,,,,,,,,,,,,
Deschutes,,,,,,,,,,,,,,,,,,,,,,,,,,,,,
194061520008,,,31S-1W-15 / 42.8798 -122.8130,,,G,U,,UMPQUA NF - TILLER RD,,,,,,,,,Benny 31,25,40,,,0,0,,,0,12/16/2019,10:00
County Total:,,,,,,,,,,,,,,,,,,,25,40,,,,,,,,,
Douglas,,,,,,,,,,,,,,,,,,,,,,,,,,,,,
124061530001,,,26S-3E-33 / 43.2637 -122.4690,,,G,U,,UMPQUA NF - DIAMOND LAKE RD,,,,,,,,,GIANT-CHINQUAPIN-PIL,1,7,,,0,0,,,0,3/20/2012,11:00
124061530001,,,26S-3E-33 / 43.2637 -122.4690,,,G,U,,UMPQUA NF - DIAMOND LAKE RD,,,,,,,,,GIANT-CHINQUAPIN-PIL,1,4,,,0,0,,,0,3/5/2012,09:00
121537022001,,,27S-3E-25 / 43.1910 -122.4100,,,U,U,,UMPQUA NF - DIAMOND LAKE RD,,,,,,,,,ROYAL-12            ,15,285,,,10,25,,,16,5/20/2012,11:00
121564430601,,,27S-1W-15 / 43.2194 -122.8050,,,U,U,,UMPQUA NF - NORTH UMPQUA RD,,,,,,,,,TAFT-UNIT-17        ,24,528,,,10,15,,,7,6/1/2012,12:00
124061560001,,,26S-2E-6 / 43.3363 -122.6280,,,N,U,,UMPQUA NF - NORTH UMPQUA RD,,,,,,,,,EAST-RAGGED-RX      ,1,27,,,11,16,,,23,10/23/2013,12:00
124061520001,,,31S-2W-5 / 42.9091 -122.9720,,,H,U,,UMPQUA NF - TILLER RD,,,,,,,,,KINCAID-LUPINE      ,5,8,,,0,0,,,0,11/6/2013,09:00
124061520002,,,31S-1W-17 / 42.8800 -122.8530,,,H,U,,UMPQUA NF - TILLER RD,,,,,,,,,DREW-STEWARDSHIP-10 ,20,390,,,0,0,,,0,11/7/2012,10:00
124061520003,,,29S-1W-24 / 43.0408 -122.7700,,,L,U,,UMPQUA NF - TILLER RD,,,,,,,,,CURTIS-01           ,19,75,,,0,0,,,0,11/27/2012,10:00
124061520004,,,29S-1W-24 / 43.0408 -122.7700,,,H,U,,UMPQUA NF - TILLER RD,,,,,,,,,CURTIS-01A          ,10,220,,,0,0,,,0,11/9/2012,09:00
124061520005,,,29S-1W-24 / 43.0408 -122.7700,,,H,U,,UMPQUA NF - TILLER RD,,,,,,,,,CURTIS-02           ,10,30,,,0,0,,,0,11/9/2012,09:00
124061520006,,,29S-1W-24 / 43.0408 -122.7700,,,L,U,,UMPQUA NF - TILLER RD,,,,,,,,,CURTIS-02A          ,7,50,,,0,0,,,0,11/27/2012,12:00
124061520007,,,29S-1W-24 / 43.0408 -122.7700,,,L,U,,UMPQUA NF - TILLER RD,,,,,,,,,CURTIS-04           ,3,25,,,0,0,,,5,11/25/2013,10:00
124061520008,,,29S-1E-19 / 43.0329 -122.7470,,,H,U,,UMPQUA NF - TILLER RD,,,,,,,,,CURTIS-05           ,41,260,,,0,0,,,0,11/14/2012,09:00
124061520009,,,29S-1E-30 / 43.0184 -122.7470,,,H,U,,UMPQUA NF - TILLER RD,,,,,,,,,CURTIS-09           ,14,124,,,0,0,,,0,11/15/2012,09:00
124061520010,,,29S-1E-30 / 43.0184 -122.7470,,,H,U,,UMPQUA NF - TILLER RD,,,,,,,,,CURTIS-11           ,36,175,,,0,0,,,0,11/14/2012,13:00
124061520011,,,29S-1W-25 / 43.0262 -122.7700,,,H,U,,UMPQUA NF - TILLER RD,,,,,,,,,CURTIS-12           ,33,333,,,0,0,,,0,11/13/2012,09:00
124061520012,,,29S-1W-25 / 43.0262 -122.7700,,,L,U,,UMPQUA NF - TILLER RD,,,,,,,,,CURTIS-13           ,12,100,,,0,0,,,5,11/25/2013,11:00
124061520013,,,29S-1W-36 / 43.0118 -122.7700,,,L,U,,UMPQUA NF - TILLER RD,,,,,,,,,CURTIS-14           ,6,15,,,0,0,,,5,11/25/2013,11:00
124061520014,,,29S-1W-36 / 43.0118 -122.7700,,,L,U,,UMPQUA NF - TILLER RD,,,,,,,,,CURTIS-15           ,4,25,,,0,0,,,5,11/25/2013,12:00
124061520015,,,29S-1W-36 / 43.0118 -122.7700,,,H,U,,UMPQUA NF - TILLER RD,,,,,,,,,CURTIS-16           ,15,75,,,0,0,,,0,11/25/2013,12:00
124061520016,,,29S-1W-25 / 43.0262 -122.7700,,,H,U,,UMPQUA NF - TILLER RD,,,,,,,,,CURTIS-25           ,35,200,,,0,0,,,0,11/26/2012,09:00
124061520016,,,29S-1W-25 / 43.0262 -122.7700,,,H,U,,UMPQUA NF - TILLER RD,,,,,,,,,CURTIS-25           ,25,100,,,0,0,,,0,11/9/2012,13:00
124061520017,,,29S-1W-36 / 43.0118 -122.7700,,,L,U,,UMPQUA NF - TILLER RD,,,,,,,,,CURTIS-26           ,80,270,,,0,0,,,0,11/27/2012,09:00
124061520018,,,29S-1W-36 / 43.0118 -122.7700,,,H,U,,UMPQUA NF - TILLER RD,,,,,,,,,CURTIS-28           ,23,180,,,0,0,,,0,11/27/2012,10:00
124061520019,,,29S-1W-35 / 43.0118 -122.7940,,,G,U,,UMPQUA NF - TILLER RD,,,,,,,,,CURTIS-29           ,45,300,,,0,0,,,0,11/27/2012,12:00
124061520020,,,29S-1W-35 / 43.0118 -122.7940,,,L,U,,UMPQUA NF - TILLER RD,,,,,,,,,CURTIS-30           ,28,150,,,0,0,,,0,11/27/2012,12:00
124061520021,,,29S-1W-11 / 43.0698 -122.7940,,,H,U,,UMPQUA NF - TILLER RD,,,,,,,,,CURTIS-35           ,9,24,,,0,0,,,0,11/19/2012,09:00
124061520022,,,29S-1W-11 / 43.0698 -122.7940,,,H,U,,UMPQUA NF - TILLER RD,,,,,,,,,CURTIS-36           ,42,195,,,0,0,,,0,11/19/2012,12:00
124061520023,,,29S-1W-24 / 43.0408 -122.7700,,,G,U,,UMPQUA NF - TILLER RD,,,,,,,,,CURTIS-48           ,3,10,,,0,0,,,0,11/15/2012,12:00
124061520024,,,30S-1W-5 / 42.9974 -122.8530,,,H,U,,UMPQUA NF - TILLER RD,,,,,,,,,JOHNNY-SPRINGS-DEFEN,65,65,,,0,0,,,0,11/18/2013,10:00
124061520025,,,30S-1W-5 / 42.9974 -122.8530,,,H,U,,UMPQUA NF - TILLER RD,,,,,,,,,LANCASTER-DEFENSIBLE,30,30,,,0,0,,,0,11/25/2013,08:00
124061520030,,,30S-2E-32 / 42.9179 -122.6100,,,N,U,,UMPQUA NF - TILLER RD,,,,,,,,,DONEGAN-PRAIRIE     ,10,250,,,0,0,,,0,5/20/2014,10:00
124061530002,,,26S-4E-10 / 43.3214 -122.3320,,,N,U,,UMPQUA NF - DIAMOND LAKE RD,,,,,,,,,THORN-PRAIRIE       ,55,1155,,,13,20,,,10,4/27/2013,12:00
124061530003,,,26S-5E-12 / 43.3214 -122.1770,,,H,U,,UMPQUA NF - DIAMOND LAKE RD,,,,,,,,,BUNKER-HILL-RECOVERY,135,972,,,0,0,,,0,10/31/2012,10:00
124061530004,,,26S-5E-13 / 43.3070 -122.1770,,,H,U,,UMPQUA NF - DIAMOND LAKE RD,,,,,,,,,LEMOLO-LOOP-RECOVERY,20,312,,,0,0,,,0,10/31/2012,07:00
124061530004,,,26S-5E-13 / 43.3070 -122.1770,,,H,U,,UMPQUA NF - DIAMOND LAKE RD,,,,,,,,,LEMOLO-LOOP-RECOVERY,126,1971,,,0,0,,,0,10/30/2012,10:00
124061530005,,,27S-6E-31 / 43.1825 -122.1510,,,H,U,,UMPQUA NF - DIAMOND LAKE RD,,,,,,,,,DIAMOND-LAKE-RECOVER,46,607,,,0,0,,,0,2/13/2014,09:00
124061530005,,,27S-6E-31 / 43.1825 -122.1510,,,H,U,,UMPQUA NF - DIAMOND LAKE RD,,,,,,,,,DIAMOND-LAKE-RECOVER,6,81,,,0,0,,,0,11/16/2012,07:00
124061530005,,,27S-6E-31 / 43.1825 -122.1510,,,H,U,,UMPQUA NF - DIAMOND LAKE RD,,,,,,,,,DIAMOND-LAKE-RECOVER,15,202,,,0,0,,,0,11/5/2013,08:00
124061530005,,,27S-6E-31 / 43.1825 -122.1510,,,H,U,,UMPQUA NF - DIAMOND LAKE RD,,,,,,,,,DIAMOND-LAKE-RECOVER,110,1485,,,0,0,,,0,11/15/2012,09:00
124061530005,,,27S-6E-31 / 43.1825 -122.1510,,,H,U,,UMPQUA NF - DIAMOND LAKE RD,,,,,,,,,DIAMOND-LAKE-RECOVER,60,887,,,0,0,,,0,11/4/2013,09:00
124061530006,,,26S-5E-14 / 43.3070 -122.1960,,,H,U,,UMPQUA NF - DIAMOND LAKE RD,,,,,,,,,POOLE-CR-RECOVERY-3 ,59,956,,,0,0,,,0,11/2/2012,12:00
124061530007,,,26S-5E-23 / 43.2925 -122.1960,,,H,U,,UMPQUA NF - DIAMOND LAKE RD,,,,,,,,,BIRDS-PT-RECOVERY-3 ,6,97,,,0,0,,,0,11/1/2012,11:00
124061530007,,,26S-5E-23 / 43.2925 -122.1960,,,H,U,,UMPQUA NF - DIAMOND LAKE RD,,,,,,,,,BIRDS-PT-RECOVERY-3 ,100,1620,,,0,0,,,0,11/14/2012,08:00
124061530007,,,26S-5E-23 / 43.2925 -122.1960,,,H,U,,UMPQUA NF - DIAMOND LAKE RD,,,,,,,,,BIRDS-PT-RECOVERY-3 ,50,810,,,0,0,,,0,11/13/2012,09:00
124061530007,,,26S-5E-23 / 43.2925 -122.1960,,,H,U,,UMPQUA NF - DIAMOND LAKE RD,,,,,,,,,BIRDS-PT-RECOVERY-3 ,70,1134,,,0,0,,,0,11/15/2012,07:00
124061530007,,,26S-5E-23 / 43.2925 -122.1960,,,H,U,,UMPQUA NF - DIAMOND LAKE RD,,,,,,,,,BIRDS-PT-RECOVERY-3 ,21,340,,,0,0,,,0,11/16/2012,07:00
124061530009,,,27S-6E-30 / 43.1916 -122.1570,,,H,U,,UMPQUA NF - DIAMOND LAKE RD,,,,,,,,,DIAMOND-LAKE-HF-2   ,3,40,,,0,0,,,0,11/8/2012,09:00
124061530010,,,26S-6E-10 / 43.3214 -122.0970,,,H,U,,UMPQUA NF - DIAMOND LAKE RD,,,,,,,,,CINN-RAWS           ,1,4,,,0,0,,,0,11/2/2012,13:00
124061530011,,,26S-6E-20 / 43.2925 -122.1360,,,H,U,,UMPQUA NF - DIAMOND LAKE RD,,,,,,,,,DBUG-HF-2           ,2,9,,,0,0,,,0,11/2/2012,13:00
124061530011,,,26S-6E-20 / 43.2925 -122.1360,,,H,U,,UMPQUA NF - DIAMOND LAKE RD,,,,,,,,,DBUG-HF-2           ,1,5,,,0,0,,,0,11/18/2013,09:00
124061530011,,,26S-6E-20 / 43.2925 -122.1360,,,H,U,,UMPQUA NF - DIAMOND LAKE RD,,,,,,,,,DBUG-HF-2           ,2,9,,,0,0,,,0,11/7/2012,09:00
121565818801,,,25S-2E-10 / 43.4152 -122.5580,,,G,U,,UMPQUA NF - NORTH UMPQUA RD,,,,,,,,,CANOE-15-PILES      ,11,20,,,0,0,,,0,10/24/2012,10:00
121565818802,,,25S-2E-10 / 43.4152 -122.5580,,,H,U,,UMPQUA NF - NORTH UMPQUA RD,,,,,,,,,CANOE-16-PILES      ,11,20,,,0,0,,,0,10/24/2012,12:00
121565818803,,,25S-2E-3 / 43.4313 -122.5580,,,H,U,,UMPQUA NF - NORTH UMPQUA RD,,,,,,,,,CANOE-20-PILES      ,17,24,,,0,0,,,0,10/30/2012,14:00
121565818804,,,250S-020E-16 / 43.4004 -122.5783,,,H,U,,UMPQUA NF - NORTH UMPQUA RD,,,,,,,,,Canoe 12 piles,16,30,,,0,0,,,0,10/29/2014,10:30
121565818805,,,25S-2E-8 / 43.4151 -122.5980,,,H,U,,UMPQUA NF - NORTH UMPQUA RD,,,,,,,,,CANOE-13-PILES      ,20,57,,,0,0,,,0,10/30/2012,11:00
121565818806,,,250S-020E-09 / 43.4149 -122.5783,,,H,U,,UMPQUA NF - NORTH UMPQUA RD,,,,,,,,,Canoe 14 piles,30,82,,,0,0,,,0,10/29/2014,12:00
124061530012,,,28S-5E-1 / 43.1625 -122.1750,,,H,U,,UMPQUA NF - DIAMOND LAKE RD,,,,,,,,,DBUG-HF-1           ,29,216,,,0,0,,,0,11/1/2012,10:00
124061530012,,,28S-5E-1 / 43.1625 -122.1750,,,H,U,,UMPQUA NF - DIAMOND LAKE RD,,,,,,,,,DBUG-HF-1           ,1,34,,,0,0,,,0,11/2/2012,10:00
124061530013,,,28S-5.5E-19 / 43.1313 -122.1620,,,L,U,,UMPQUA NF - DIAMOND LAKE RD,,,,,,,,,SILENT-CR-PIT       ,1,46,,,0,0,,,0,11/7/2012,12:00
124061530014,,,26S-3E-17 / 43.3072 -122.4890,,,H,U,,UMPQUA NF - DIAMOND LAKE RD,,,,,,,,,MEDICINE-CR         ,1,29,,,0,0,,,0,11/28/2012,09:00
124061520031,,,29S-1W-24 / 43.0408 -122.7700,,,L,U,,UMPQUA NF - TILLER RD,,,,,,,,,DELGADO-LANDINGS-29S,140,400,,,0,0,,,0,11/14/2013,11:00
124061520032,,,29S-1E-31 / 43.0040 -122.7460,,,L,U,,UMPQUA NF - TILLER RD,,,,,,,,,DELGADO-LANDINGS-29S,72,400,,,0,0,,,0,11/14/2013,10:00
124061520033,,,30S-1E-4 / 42.9895 -122.7070,,,L,U,,UMPQUA NF - TILLER RD,,,,,,,,,DELGADO-LANDINGS-30S,32,200,,,0,0,,,0,11/14/2013,09:00
121564430602,,,27S-1W-12 / 43.2339 -122.7660,,,G,U,,UMPQUA NF - NORTH UMPQUA RD,,,,,,,,,TAFT-24-PILES       ,16,90,,,0,0,,,0,11/7/2012,13:00
121564430603,,,27S-1W-11 / 43.2339 -122.7860,,,G,U,,UMPQUA NF - NORTH UMPQUA RD,,,,,,,,,TAFT-26-PILES       ,28,91,,,0,0,,,0,11/7/2012,12:00
121564430604,,,27S-1W-10 / 43.2338 -122.8050,,,G,U,,UMPQUA NF - NORTH UMPQUA RD,,,,,,,,,TAFT-28-PILES       ,14,44,,,0,0,,,0,11/7/2012,10:00
121564430605,,,27S-1W-10 / 43.2338 -122.8050,,,G,U,,UMPQUA NF - NORTH UMPQUA RD,,,,,,,,,TAFT-29-PILES       ,28,91,,,0,0,,,0,11/7/2012,09:00
121535818801,,,27S-3E-11 / 43.2342 -122.4290,,,G,U,,UMPQUA NF - DIAMOND LAKE RD,,,,,,,,,WALLOW-113          ,5,89,,,0,0,,,0,11/13/2012,09:00
121535818801,,,27S-3E-11 / 43.2342 -122.4290,,,G,U,,UMPQUA NF - DIAMOND LAKE RD,,,,,,,,,WALLOW-113          ,9,160,,,0,0,,,0,11/9/2012,12:00
121535818801,,,27S-3E-11 / 43.2342 -122.4290,,,G,U,,UMPQUA NF - DIAMOND LAKE RD,,,,,,,,,WALLOW-113          ,15,241,,,0,0,,,0,11/8/2012,11:00
121535818801,,,27S-3E-11 / 43.2342 -122.4290,,,G,U,,UMPQUA NF - DIAMOND LAKE RD,,,,,,,,,WALLOW-113          ,1,17,,,0,0,,,0,11/29/2012,09:00
121535818802,,,27S-3E-12 / 43.2342 -122.4100,,,G,U,,UMPQUA NF - DIAMOND LAKE RD,,,,,,,,,WALLOW-16-4B        ,15,199,,,0,0,,,0,11/14/2012,09:00
121535818802,,,27S-3E-12 / 43.2342 -122.4100,,,G,U,,UMPQUA NF - DIAMOND LAKE RD,,,,,,,,,WALLOW-16-4B        ,1,7,,,0,0,,,0,11/15/2012,09:00
121535818802,,,27S-3E-12 / 43.2342 -122.4100,,,G,U,,UMPQUA NF - DIAMOND LAKE RD,,,,,,,,,WALLOW-16-4B        ,70,1034,,,0,0,,,0,11/13/2012,11:00
121535818803,,,27S-3E-3 / 43.2489 -122.4490,,,G,U,,UMPQUA NF - DIAMOND LAKE RD,,,,,,,,,WALLOW-17C          ,5,203,,,0,0,,,0,11/8/2012,09:00
124061530008,,,27S-6E-6 / 43.2490 -122.1560,,,H,U,,UMPQUA NF - DIAMOND LAKE RD,,,,,,,,,WINDIGO-PASS-RECOVER,15,260,,,0,0,,,0,11/2/2012,08:00
124061530008,,,27S-6E-6 / 43.2490 -122.1560,,,H,U,,UMPQUA NF - DIAMOND LAKE RD,,,,,,,,,WINDIGO-PASS-RECOVER,30,459,,,0,0,,,0,10/30/2012,15:00
124061530008,,,27S-6E-6 / 43.2490 -122.1560,,,H,U,,UMPQUA NF - DIAMOND LAKE RD,,,,,,,,,WINDIGO-PASS-RECOVER,64,979,,,0,0,,,0,11/1/2012,08:00
121563179801,,,26S-1W-35 / 43.2627 -122.7850,,,H,U,,UMPQUA NF - NORTH UMPQUA RD,,,,,,,,,EMILE-47-PILES      ,2,28,,,0,0,,,0,11/6/2012,10:00
121563179802,,,27S-1W-1 / 43.2482 -122.7660,,,H,U,,UMPQUA NF - NORTH UMPQUA RD,,,,,,,,,EMILE-49-PILES      ,10,39,,,0,0,,,0,11/6/2012,12:00
121563179803,,,26S-1W-36 / 43.2627 -122.7660,,,H,U,,UMPQUA NF - NORTH UMPQUA RD,,,,,,,,,EMILE-51-PILES      ,6,36,,,0,0,,,0,11/6/2012,13:00
124061530015,,,26S-3E-36 / 43.2636 -122.4090,,,H,U,,UMPQUA NF - DIAMOND LAKE RD,,,,,,,,,MONGREL-TOKETEE-PILE,1,6,,,0,0,,,0,11/19/2012,08:00
124061530015,,,26S-3E-36 / 43.2636 -122.4090,,,H,U,,UMPQUA NF - DIAMOND LAKE RD,,,,,,,,,MONGREL-TOKETEE-PILE,1,62,,,0,0,,,0,11/20/2012,08:00
124061530016,,,26S-2E-36 / 43.2637 -122.5280,,,L,U,,UMPQUA NF - DIAMOND LAKE RD,,,,,,,,,FOSTER-PIT          ,1,75,,,0,0,,,0,12/4/2012,08:00
134061530001,,,27S-3E-1 / 43.2489 -122.4090,,,G,U,,UMPQUA NF - DIAMOND LAKE RD,,,,,,,,,TOKETEE-PIT         ,1,18,,,0,0,,,0,10/16/2014,10:00
134061530001,,,27S-3E-1 / 43.2489 -122.4090,,,G,U,,UMPQUA NF - DIAMOND LAKE RD,,,,,,,,,TOKETEE-PIT         ,1,18,,,0,0,,,0,11/4/2013,10:00
131565818801,,,25S-2E-8 / 43.4151 -122.5980,,,U,U,,UMPQUA NF - NORTH UMPQUA RD,,,,,,,,,CANOE-UNIT-13-RX    ,13,286,,,12,19,,,24,5/1/2013,12:00
131565818802,,,25S-2E-10 / 43.4152 -122.5580,,,U,U,,UMPQUA NF - NORTH UMPQUA RD,,,,,,,,,CANOE-UNIT-15-RX    ,13,286,,,14,18,,,28,5/2/2013,12:00
134061530004,,,27S-3E-12 / 43.2342 -122.4100,,,N,U,,UMPQUA NF - DIAMOND LAKE RD,,,,,,,,,SWAMPY-KV           ,1,35,,,14,16,,,12,10/8/2014,12:00
131563179801,,,26S-1W-34 / 43.2627 -122.8050,,,G,U,,UMPQUA NF - NORTH UMPQUA RD,,,,,,,,,EMILE-PILES-40      ,21,232,,,0,0,,,0,9/27/2013,10:00
131563179802,,,26S-1W-26 / 43.2774 -122.7860,,,L,U,,UMPQUA NF - NORTH UMPQUA RD,,,,,,,,,EMILE-PILES-42      ,4,36,,,0,0,,,0,9/27/2013,12:00
131563179803,,,26S-1W-26 / 43.2774 -122.7860,,,G,U,,UMPQUA NF - NORTH UMPQUA RD,,,,,,,,,EMILE-PILES-43      ,4,63,,,0,0,,,0,9/27/2013,12:00
131563179804,,,26S-1W-35 / 43.2627 -122.7850,,,G,U,,UMPQUA NF - NORTH UMPQUA RD,,,,,,,,,EMILE-PILES-44      ,15,68,,,0,0,,,0,9/26/2013,11:00
131563179805,,,26S-1W-25 / 43.2772 -122.7660,,,G,U,,UMPQUA NF - NORTH UMPQUA RD,,,,,,,,,EMILE-PILES-45      ,48,624,,,0,0,,,0,9/26/2013,13:00
131563179806,,,26S-1W-25 / 43.2772 -122.7660,,,G,U,,UMPQUA NF - NORTH UMPQUA RD,,,,,,,,,EMILE-PILES-46      ,12,174,,,0,0,,,0,9/26/2013,14:00
131560971901,,,25S-1E-29 / 43.3716 -122.7120,,,G,U,,UMPQUA NF - NORTH UMPQUA RD,,,,,,,,,LOBO-PILES-2        ,9,166,,,0,0,,,0,11/18/2013,10:00
131560971901,,,25S-1E-29 / 43.3716 -122.7120,,,G,U,,UMPQUA NF - NORTH UMPQUA RD,,,,,,,,,LOBO-PILES-2        ,18,229,,,0,0,,,0,11/12/2013,12:00
131560971902,,,25S-1E-28 / 43.3717 -122.6920,,,G,U,,UMPQUA NF - NORTH UMPQUA RD,,,,,,,,,LOBO-PILES-7        ,13,176,,,0,0,,,0,11/8/2013,10:00
131560971903,,,25S-1E-15 / 43.4006 -122.6720,,,H,U,,UMPQUA NF - NORTH UMPQUA RD,,,,,,,,,LOBO-PILES-12       ,15,183,,,0,0,,,0,11/12/2013,10:00
131560971903,,,25S-1E-15 / 43.4006 -122.6720,,,H,U,,UMPQUA NF - NORTH UMPQUA RD,,,,,,,,,LOBO-PILES-12       ,15,183,,,0,0,,,0,11/8/2013,14:00
131560971904,,,25S-1E-14 / 43.4006 -122.6530,,,G,U,,UMPQUA NF - NORTH UMPQUA RD,,,,,,,,,LOBO-PILES-11       ,16,209,,,0,0,,,0,11/8/2013,12:00
131563179807,,,26S-1W-34 / 43.2627 -122.8050,,,G,U,,UMPQUA NF - NORTH UMPQUA RD,,,,,,,,,EMILE-PILES-35      ,16,197,,,0,0,,,0,9/30/2013,10:00
131563179808,,,26S-1W-34 / 43.2627 -122.8050,,,G,U,,UMPQUA NF - NORTH UMPQUA RD,,,,,,,,,EMILE-PILES-34      ,6,78,,,0,0,,,0,9/30/2013,08:00
131563179810,,,27S-1W-2 / 43.2482 -122.7860,,,G,U,,UMPQUA NF - NORTH UMPQUA RD,,,,,,,,,EMILE-PILES-60      ,5,82,,,0,0,,,0,9/27/2013,13:00
131564430601,,,27S-1W-22 / 43.2050 -122.8050,,,G,U,,UMPQUA NF - NORTH UMPQUA RD,,,,,,,,,TAFT-PILES-14       ,21,368,,,0,0,,,0,9/30/2013,12:00
131564430601,,,27S-1W-22 / 43.2050 -122.8050,,,G,U,,UMPQUA NF - NORTH UMPQUA RD,,,,,,,,,TAFT-PILES-14       ,32,488,,,0,0,,,0,11/4/2013,11:00
131565818804,,,25S-2E-4 / 43.4313 -122.5780,,,G,U,,UMPQUA NF - NORTH UMPQUA RD,,,,,,,,,CANOE-PILES-17      ,10,121,,,0,0,,,0,11/5/2013,11:00
131569310001,,,27S-1W-7 / 43.2340 -122.8630,,,G,U,,UMPQUA NF - NORTH UMPQUA RD,,,,,,,,,COOL-PILES-1        ,31,360,,,0,0,,,0,11/4/2013,14:00
131569310002,,,27S-1W-7 / 43.2340 -122.8630,,,G,U,,UMPQUA NF - NORTH UMPQUA RD,,,,,,,,,COOL-PILES-2        ,4,58,,,0,0,,,0,11/5/2013,10:00
134061560001,,,27S-1W-1 / 43.2482 -122.7660,,,H,U,,UMPQUA NF - NORTH UMPQUA RD,,,,,,,,,EMILE-PILES-49      ,4,53,,,0,0,,,0,9/27/2013,15:00
134061560002,,,25S-1E-13 / 43.4006 -122.6330,,,L,U,,UMPQUA NF - NORTH UMPQUA RD,,,,,,,,,ROWBOAT-PILES-1     ,7,61,,,0,0,,,2,11/5/2013,11:00
134061520001,,,28S-2w-23 / 43.1200 -122.9030,,,H,U,,UMPQUA NF - TILLER RD,,,,,,,,,2792-FUEL-BREAK     ,15,245,,,0,0,,,0,10/5/2014,10:00
134061520001,,,28S-2w-23 / 43.1200 -122.9030,,,H,U,,UMPQUA NF - TILLER RD,,,,,,,,,2792-FUEL-BREAK     ,20,50,,,0,0,,,0,11/18/2014,11:00
134061520002,,,31s-3w-35 / 42.8348 -123.0230,,,H,U,,UMPQUA NF - TILLER RD,,,,,,,,,RED-MTN-FUEL-BREAK  ,40,280,,,0,0,,,0,11/13/2013,09:00
134061530008,,,28S-5.5E-19 / 43.1313 -122.1620,,,L,U,,UMPQUA NF - DIAMOND LAKE RD,,,,,,,,,SILENT-CREEK-PIT    ,1,52,,,0,0,,,0,11/12/2015,09:00
134061530008,,,28S-5.5E-19 / 43.1313 -122.1620,,,L,U,,UMPQUA NF - DIAMOND LAKE RD,,,,,,,,,SILENT-CREEK-PIT    ,1,52,,,0,0,,,0,10/23/2014,10:00
134061530008,,,28S-5.5E-19 / 43.1313 -122.1620,,,L,U,,UMPQUA NF - DIAMOND LAKE RD,,,,,,,,,SILENT-CREEK-PIT    ,1,52,,,0,0,,,0,11/12/2015,09:00
131531880201,,,27S-3E-12 / 43.2342 -122.4100,,,G,U,,UMPQUA NF - DIAMOND LAKE RD,,,,,,,,,WALLOW-PILES        ,50,548,,,0,0,,,0,11/5/2013,09:00
131531880201,,,27S-3E-12 / 43.2342 -122.4100,,,G,U,,UMPQUA NF - DIAMOND LAKE RD,,,,,,,,,WALLOW-PILES        ,6,80,,,0,0,,,0,10/16/2014,09:00
131531880201,,,27S-3E-12 / 43.2342 -122.4100,,,G,U,,UMPQUA NF - DIAMOND LAKE RD,,,,,,,,,WALLOW-PILES        ,87,327,,,0,0,,,0,11/4/2013,09:00
131531880201,,,27S-3E-12 / 43.2342 -122.4100,,,G,U,,UMPQUA NF - DIAMOND LAKE RD,,,,,,,,,WALLOW-PILES        ,46,518,,,0,0,,,0,11/6/2013,09:00
131531880201,,,27S-3E-12 / 43.2342 -122.4100,,,G,U,,UMPQUA NF - DIAMOND LAKE RD,,,,,,,,,WALLOW-PILES        ,30,342,,,0,0,,,0,11/7/2013,09:00
131531880201,,,27S-3E-12 / 43.2342 -122.4100,,,G,U,,UMPQUA NF - DIAMOND LAKE RD,,,,,,,,,WALLOW-PILES        ,1,15,,,0,0,,,0,10/23/2014,10:00
131537256101,,,27S-3E-27 / 43.1910 -122.4490,,,L,U,,UMPQUA NF - DIAMOND LAKE RD,,,,,,,,,RAINBOW-SALVAGE     ,3,95,,,0,0,,,0,11/4/2013,10:00
134061530009,,,26S-3E-17 / 43.3072 -122.4890,,,H,U,,UMPQUA NF - DIAMOND LAKE RD,,,,,,,,,MEDICINE-CREEK      ,1,16,,,0,0,,,0,3/27/2014,09:00
134061530010,,,27S-3E-14 / 43.2198 -122.4290,,,H,U,,UMPQUA NF - DIAMOND LAKE RD,,,,,,,,,TOKETEE-AIRSTRIP    ,3,8,,,0,0,,,0,12/4/2013,12:00
134061530011,,,26S-5E-35 / 43.2635 -122.1960,,,H,U,,UMPQUA NF - DIAMOND LAKE RD,,,,,,,,,TOOLBOX-MEADOWS     ,12,54,,,0,0,,,0,10/25/2014,10:00
134061530011,,,26S-5E-35 / 43.2635 -122.1960,,,H,U,,UMPQUA NF - DIAMOND LAKE RD,,,,,,,,,TOOLBOX-MEADOWS     ,4,23,,,0,0,,,0,11/3/2015,11:00
134061530011,,,26S-5E-35 / 43.2635 -122.1960,,,H,U,,UMPQUA NF - DIAMOND LAKE RD,,,,,,,,,TOOLBOX-MEADOWS     ,4,23,,,0,0,,,0,11/4/2015,10:00
134061530012,,,27S-6E-29 / 43.1915 -122.1370,,,H,U,,UMPQUA NF - DIAMOND LAKE RD,,,,,,,,,BIOCHAR-RESEARCH-RIC,1,51,,,0,0,,,0,4/11/2014,09:00
134061530012,,,27S-6E-29 / 43.1915 -122.1370,,,H,U,,UMPQUA NF - DIAMOND LAKE RD,,,,,,,,,BIOCHAR-RESEARCH-RIC,2,100,,,0,0,,,0,10/23/2014,10:00
144061520001,,,29S-1W-25 / 43.0262 -122.7700,,,U,U,,UMPQUA NF - TILLER RD,,,,,,,,,CURTIS-25           ,30,540,,,8,50,,,4,5/1/2014,09:00
144061520001,,,29S-1W-25 / 43.0262 -122.7700,,,U,U,,UMPQUA NF - TILLER RD,,,,,,,,,CURTIS-25           ,12,216,,,10,15,,,12,10/7/2014,16:00
144061520001,,,29S-1W-25 / 43.0262 -122.7700,,,U,U,,UMPQUA NF - TILLER RD,,,,,,,,,CURTIS-25           ,24,432,,,11,15,,,11,10/6/2014,12:00
141565818801,,,24S-2E-27 / 43.4622 -122.5580,,,U,U,,UMPQUA NF - NORTH UMPQUA RD,,,,,,,,,CANOE-31RX          ,24,528,,,13,18,,,6,5/2/2014,11:00
141565818802,,,25S-2E-4 / 43.4313 -122.5780,,,U,U,,UMPQUA NF - NORTH UMPQUA RD,,,,,,,,,CANOE-17RX          ,24,480,,,10,15,,,5,5/16/2014,10:00
144061520002,,,29S-1W-24 / 43.0408 -122.7700,,,U,U,,UMPQUA NF - TILLER RD,,,,,,,,,CURTIS-01           ,15,270,,,10,15,,,12,10/7/2014,12:00
144061520003,,,29S-1E-19 / 43.0329 -122.7470,,,U,U,,UMPQUA NF - TILLER RD,,,,,,,,,CURTIS-05           ,3,54,,,12,20,,,7,10/2/2014,12:00
144061520005,,,29S-1W-36 / 43.0118 -122.7700,,,U,U,,UMPQUA NF - TILLER RD,,,,,,,,,CURTIS-28           ,23,414,,,8,20,,,7,5/16/2014,10:00
144061520006,,,29S-10W-35 / 43.0036 -123.8510,,,U,U,,UMPQUA NF - TILLER RD,,,,,,,,,CURTIS-30           ,5,85,,,9,14,,,60,9/29/2016,10:00
144061520007,,,30S-1W-11 / 42.9825 -122.7930,,,U,U,,UMPQUA NF - TILLER RD,,,,,,,,,CURTIS-36           ,20,300,,,8,30,,,12,5/11/2016,11:00
141535818801,,,27S-3E-2 / 43.2489 -122.4290,,,U,U,,UMPQUA NF - DIAMOND LAKE RD,,,,,,,,,WALLOW-1            ,71,2556,,,9,13,,,23,9/21/2014,12:00
144061520008,,,29S-1e-30 / 43.0184 -122.7470,,,U,U,,UMPQUA NF - TILLER RD,,,,,,,,,CURTIS-11           ,36,576,,,8,20,,,7,5/16/2014,10:00
144061560001,,,25S-1E-13 / 43.4006 -122.6330,,,U,U,,UMPQUA NF - NORTH UMPQUA RD,,,,,,,,,ROWBOAT-1           ,7,49,,,11,20,,,15,6/3/2014,12:00
144061560002,,,25S-1E-13 / 43.4006 -122.6330,,,L,U,,UMPQUA NF - NORTH UMPQUA RD,,,,,,,,,ROWBOAT-PILES-1     ,5,47,,,0,0,,,3,5/19/2014,10:00
144061530001,,,28S-5E-13 / 43.1339 -122.1740,,,H,U,,UMPQUA NF - DIAMOND LAKE RD,,,,,,,,,D-BUG-HF-3-4        ,97,744,,,0,0,,,0,10/24/2014,10:00
134061520003,,,31S-1w-19 / 42.8654 -122.8730,,,U,U,,UMPQUA NF - TILLER RD,,,,,,,,,DREW-STEWARDSHIP-...,44,528,,,12,15,,,7,10/2/2014,12:00
134061520003,,,31S-1w-19 / 42.8654 -122.8730,,,U,U,,UMPQUA NF - TILLER RD,,,,,,,,,DREW-STEWARDSHIP-...,20,240,,,12,15,,,8,10/3/2014,12:00
134061520003,,,31S-1w-19 / 42.8654 -122.8730,,,U,U,,UMPQUA NF - TILLER RD,,,,,,,,,DREW-STEWARDSHIP-...,10,120,,,10,15,,,15,10/9/2014,13:00
141560971901,,,25S-1E-20 / 43.3862 -122.7120,,,G,U,,UMPQUA NF - NORTH UMPQUA RD,,,,,,,,,LOBO-5-PILES        ,21,133,,,0,0,,,0,10/28/2014,10:00
141560971902,,,25S-1E-21 / 43.3862 -122.6920,,,H,U,,UMPQUA NF - NORTH UMPQUA RD,,,,,,,,,LOBO-8-PILES        ,8,24,,,0,0,,,0,10/28/2014,12:00
141560971903,,,25S-1E-26 / 43.3718 -122.6520,,,H,U,,UMPQUA NF - NORTH UMPQUA RD,,,,,,,,,LOBO-14-PILES       ,9,32,,,0,0,,,0,10/24/2014,10:00
141560971903,,,25S-1E-26 / 43.3718 -122.6520,,,H,U,,UMPQUA NF - NORTH UMPQUA RD,,,,,,,,,LOBO-14-PILES       ,2,32,,,0,0,,,0,10/27/2014,10:00
141560971904,,,25S-1E-25 / 43.3717 -122.6330,,,G,U,,UMPQUA NF - NORTH UMPQUA RD,,,,,,,,,LOBO-18-PILES       ,21,103,,,0,0,,,0,10/27/2014,11:00
141560971905,,,25S-1E-36 / 43.3571 -122.6320,,,G,U,,UMPQUA NF - NORTH UMPQUA RD,,,,,,,,,LOBO-19-PILES       ,3,10,,,0,0,,,0,10/27/2014,11:00
141562914201,,,28S-2W-23 / 43.1200 -122.9030,,,G,U,,UMPQUA NF - NORTH UMPQUA RD,,,,,,,,,UPPER-CAVITT-10-P...,46,206,,,0,0,,,0,11/12/2014,14:00
141562914202,,,28S-2W-14 / 43.1344 -122.9030,,,G,U,,UMPQUA NF - NORTH UMPQUA RD,,,,,,,,,UPPER-CAVITT-13-P...,33,99,,,0,0,,,0,12/2/2014,08:00
141562914203,,,28S-2W-13 / 43.1344 -122.8840,,,G,U,,UMPQUA NF - NORTH UMPQUA RD,,,,,,,,,UPPER-CAVITT-21-P...,13,55,,,0,0,,,0,12/1/2014,09:00
141562914204,,,28S-2W-24 / 43.1199 -122.8840,,,G,U,,UMPQUA NF - NORTH UMPQUA RD,,,,,,,,,UPPER-CAVITT-11-P...,5,24,,,0,0,,,0,11/13/2014,12:00
141562914205,,,28S-2W-14 / 43.1344 -122.9030,,,G,U,,UMPQUA NF - NORTH UMPQUA RD,,,,,,,,,UPPER-CAVITT-8-PILES,6,28,,,0,0,,,0,11/18/2014,01:00
141562914206,,,28S-2W-14 / 43.1344 -122.9030,,,G,U,,UMPQUA NF - NORTH UMPQUA RD,,,,,,,,,UPPER-CAVITT-9-PILES,21,96,,,0,0,,,0,11/13/2014,10:00
141562914207,,,28S-2W-12 / 43.1489 -122.8840,,,G,U,,UMPQUA NF - NORTH UMPQUA RD,,,,,,,,,UPPER-CAVITT-14-P...,3,10,,,0,0,,,0,12/1/2014,13:00
141562914208,,,28S-2W-12 / 43.1489 -122.8840,,,G,U,,UMPQUA NF - NORTH UMPQUA RD,,,,,,,,,UPPER-CAVITT-16-P...,6,28,,,0,0,,,0,12/3/2014,08:00
141562914209,,,28S-2W-13 / 43.1344 -122.8840,,,G,U,,UMPQUA NF - NORTH UMPQUA RD,,,,,,,,,UPPER-CAVITT-17-P...,7,29,,,0,0,,,0,12/1/2014,14:00
141563179801,,,27S-1E-17 / 43.2198 -122.7260,,,G,U,,UMPQUA NF - NORTH UMPQUA RD,,,,,,,,,RYE-110-PILES       ,7,30,,,0,0,,,0,10/14/2014,10:00
141563179802,,,27S-1E-18 / 43.2198 -122.7460,,,G,U,,UMPQUA NF - NORTH UMPQUA RD,,,,,,,,,RYE-111-PILES       ,11,52,,,0,0,,,0,10/14/2014,10:00
141563179803,,,27S-1E-20 / 43.2053 -122.7260,,,G,U,,UMPQUA NF - NORTH UMPQUA RD,,,,,,,,,RYE-139-PILES       ,2,11,,,0,0,,,0,10/14/2014,10:00
141563179804,,,27S-1E-20 / 43.2053 -122.7260,,,G,U,,UMPQUA NF - NORTH UMPQUA RD,,,,,,,,,RYE-149-PILES       ,8,38,,,0,0,,,0,10/14/2014,10:00
141563179805,,,27S-1E-20 / 43.2053 -122.7260,,,G,U,,UMPQUA NF - NORTH UMPQUA RD,,,,,,,,,RYE-138-PILES       ,2,11,,,0,0,,,0,10/14/2014,10:00
141563179806,,,27S-1E-17 / 43.2198 -122.7260,,,L,U,,UMPQUA NF - NORTH UMPQUA RD,,,,,,,,,RYE-146-LANDINGS    ,4,12,,,0,0,,,1,10/14/2014,12:00
141563179807,,,27S-1W-24 / 43.2050 -122.7660,,,L,U,,UMPQUA NF - NORTH UMPQUA RD,,,,,,,,,RYE-120-LANDINGS    ,4,12,,,0,0,,,1,10/14/2014,12:00
141563179808,,,27S-1W-24 / 43.2050 -122.7660,,,L,U,,UMPQUA NF - NORTH UMPQUA RD,,,,,,,,,RYE-124-LANDINGS    ,4,12,,,0,0,,,1,10/14/2014,12:00
141563179809,,,27S-1E-19 / 43.2053 -122.7460,,,L,U,,UMPQUA NF - NORTH UMPQUA RD,,,,,,,,,RYE-123-LANDINGS    ,4,12,,,0,0,,,1,10/14/2014,12:00
141563179810,,,27S-1W-23 / 43.2050 -122.7850,,,L,U,,UMPQUA NF - NORTH UMPQUA RD,,,,,,,,,RYE-133-LANDINGS    ,3,11,,,0,0,,,1,10/14/2014,12:00
141563179811,,,27S-1W-23 / 43.2050 -122.7850,,,L,U,,UMPQUA NF - NORTH UMPQUA RD,,,,,,,,,RYE-134-LANDINGS    ,3,11,,,0,0,,,1,10/14/2014,12:00
141563179812,,,27S-1E-31 / 43.1764 -122.7460,,,L,U,,UMPQUA NF - NORTH UMPQUA RD,,,,,,,,,EBONY-156-LANDINGS  ,10,10,,,0,0,,,0,10/14/2014,10:00
141564430604,,,28S-1W-10 / 43.1566 -122.8050,,,G,U,,UMPQUA NF - NORTH UMPQUA RD,,,,,,,,,DUTCH-37-PILES      ,12,46,,,0,0,,,0,10/14/2014,10:00
141564430605,,,28S-1W-11 / 43.1565 -122.7850,,,G,U,,UMPQUA NF - NORTH UMPQUA RD,,,,,,,,,DUTCH-39-PILES      ,14,66,,,0,0,,,0,10/14/2014,10:00
141564430606,,,27S-1W-33 / 43.1762 -122.8250,,,G,U,,UMPQUA NF - NORTH UMPQUA RD,,,,,,,,,DUTCH-32-PILES      ,12,57,,,0,0,,,0,10/14/2014,10:00
141564430607,,,28S-1W-3 / 43.1664 -122.8050,,,G,U,,UMPQUA NF - NORTH UMPQUA RD,,,,,,,,,DUTCH-36-PILES      ,17,73,,,0,0,,,0,10/14/2014,10:00
141564600001,,,27S-1W-8 / 43.2339 -122.8450,,,L,U,,UMPQUA NF - NORTH UMPQUA RD,,,,,,,,,EBONY-301-LANDINGS  ,8,8,,,0,0,,,0,10/14/2014,10:00
141564600002,,,27S-1W-17 / 43.2196 -122.8450,,,L,U,,UMPQUA NF - NORTH UMPQUA RD,,,,,,,,,EBONY-311-LANDINGS  ,10,10,,,0,0,,,0,10/14/2014,10:00
141564600003,,,27S-1W-17 / 43.2196 -122.8450,,,L,U,,UMPQUA NF - NORTH UMPQUA RD,,,,,,,,,EBONY-314-LANDINGS  ,12,12,,,0,0,,,0,10/14/2014,10:00
141564600004,,,27S-1W-18 / 43.2197 -122.8630,,,L,U,,UMPQUA NF - NORTH UMPQUA RD,,,,,,,,,EBONY-313-LANDINGS  ,5,5,,,0,0,,,0,10/14/2014,10:00
141565818807,,,25S-2E-4 / 43.4313 -122.5780,,,L,U,,UMPQUA NF - NORTH UMPQUA RD,,,,,,,,,CANOE-18-LANDINGS   ,3,6,,,0,0,,,2,10/24/2014,13:00
141569330601,,,25S-2E-4 / 43.4313 -122.5780,,,H,U,,UMPQUA NF - NORTH UMPQUA RD,,,,,,,,,SAILBOAT-66-PILES   ,7,23,,,0,0,,,0,10/23/2014,10:00
141569330602,,,24S-2E-20 / 43.4767 -122.5980,,,H,U,,UMPQUA NF - NORTH UMPQUA RD,,,,,,,,,SAILBOAT-54R-PILES  ,4,13,,,0,0,,,0,10/23/2014,10:00
141569330603,,,23S-2E-34 / 43.5347 -122.5580,,,H,U,,UMPQUA NF - NORTH UMPQUA RD,,,,,,,,,SAILBOAT-67-PILES   ,4,16,,,0,0,,,0,10/23/2014,10:00
141569330604,,,24S-2E-3 / 43.5200 -122.5580,,,G,U,,UMPQUA NF - NORTH UMPQUA RD,,,,,,,,,SAILBOAT-52A-PILES  ,16,105,,,0,0,,,0,10/23/2014,11:00
141569330605,,,23S-2E-27 / 43.5492 -122.5580,,,L,U,,UMPQUA NF - NORTH UMPQUA RD,,,,,,,,,SAILBOAT-59R-LAND...,2,3,,,0,0,,,0,10/23/2014,11:00
141569920101,,,25S-2E-6 / 43.4313 -122.6160,,,H,U,,UMPQUA NF - NORTH UMPQUA RD,,,,,,,,,ROWBOAT-27-PILES    ,5,35,,,0,0,,,0,10/23/2014,10:00
141569920102,,,25S-2E-6 / 43.4313 -122.6160,,,H,U,,UMPQUA NF - NORTH UMPQUA RD,,,,,,,,,ROWBOAT-27A-PILES   ,2,3,,,0,0,,,0,10/23/2014,10:00
144061530002,,,2.65N-6E-31 / 43.0001 -123.0001,,,H,U,,UMPQUA NF - DIAMOND LAKE RD,,,,,,,,,ASHER-HANNAH        ,170,1200,,,0,0,,,0,10/24/2014,10:00
144061520009,,,29s-2E-9 / 43.0616 -122.5900,,,H,U,,UMPQUA NF - TILLER RD,,,,,,,,,EYE-21              ,6,30,,,0,0,,,0,12/9/2014,12:00
144061520010,,,29S-2E-28 / 43.0183 -122.5890,,,H,U,,UMPQUA NF - TILLER RD,,,,,,,,,BENCHMARK-TB8       ,4,20,,,0,0,,,0,11/10/2015,10:00
144061520011,,,29S-2E-29 / 43.0183 -122.6090,,,H,U,,UMPQUA NF - TILLER RD,,,,,,,,,BENCHMARK-TB7       ,2,10,,,0,0,,,0,11/10/2015,10:00
144061520012,,,29S-2E-29 / 43.0183 -122.6090,,,H,U,,UMPQUA NF - TILLER RD,,,,,,,,,BENCHMARK-TB6       ,4,20,,,0,0,,,0,11/10/2015,12:00
144061520013,,,28S-3E-6 / 43.1626 -122.5100,,,H,U,,UMPQUA NF - TILLER RD,,,,,,,,,BIRDEYE-23          ,3,15,,,0,0,,,0,10/27/2014,12:00
144061520014,,,29S-2E-9 / 43.0616 -122.5900,,,H,U,,UMPQUA NF - TILLER RD,,,,,,,,,LAKE-5              ,5,25,,,0,0,,,0,10/27/2014,13:00
144061520015,,,29S-2E-4 / 43.0762 -122.5900,,,H,U,,UMPQUA NF - TILLER RD,,,,,,,,,LAKE-6              ,1,5,,,0,0,,,0,10/27/2014,14:00
144061520017,,,31S-2W-29 / 42.8506 -122.9720,,,H,U,,UMPQUA NF - TILLER RD,,,,,,,,,227-MITIGATION      ,4,20,,,0,0,,,0,12/9/2014,09:00
144061520018,,,30S-1E-33 / 42.9171 -122.7070,,,L,U,,UMPQUA NF - TILLER RD,,,,,,,,,WHISKEY-DECK-SALE   ,20,700,,,0,0,,,0,11/9/2015,11:00
144061530004,,,27S-3E-14 / 43.2198 -122.4290,,,H,U,,UMPQUA NF - DIAMOND LAKE RD,,,,,,,,,AIRSTRIP            ,3,6,,,0,0,,,0,11/5/2014,09:00
141562914210,,,28S-1W-18 / 43.1424 -122.8640,,,G,U,,UMPQUA NF - NORTH UMPQUA RD,,,,,,,,,UPPER-CAVITT-19-P...,17,76,,,0,0,,,0,12/3/2014,12:00
151565818801,,,24S-2E-22 / 43.4768 -122.5580,,,U,U,,UMPQUA NF - NORTH UMPQUA RD,,,,,,,,,CANOE #37RX,24,528,,,10,15,,,20,2/25/2015,11:00
151565818802,,,24S-2E-22 / 43.4768 -122.5580,,,U,U,,UMPQUA NF - NORTH UMPQUA RD,,,,,,,,,CANOE #34RX,16,352,,,7,8,,,15,3/9/2015,11:00
154061560001,,,27S-1W-14 / 43.2194 -122.7850,,,B,U,,UMPQUA NF - NORTH UMPQUA RD,,,,,,,,,TAFT-27             ,19,456,,,5,20,,,10,5/4/2015,10:00
151537030102,,,26S-5E-14 / 43.3070 -122.1960,,,H,U,,UMPQUA NF - DIAMOND LAKE RD,,,,,,,,,SANDSHED-PILES-UN...,4,13,,,0,0,,,0,11/3/2015,10:00
154061530001,,,26S-6E-10 / 43.3214 -122.0970,,,H,U,,UMPQUA NF - DIAMOND LAKE RD,,,,,,,,,CINNAMON-BUTTE      ,1,4,,,0,0,,,0,11/3/2015,09:00
154061520001,,,32S-3W-2 / 42.8202 -123.0230,,,H,U,,UMPQUA NF - TILLER RD,,,,,,,,,UPPER-COW-CREEK-HF  ,5,25,,,0,0,,,0,12/1/2015,12:00
154061520002,,,290S-010W-30 / 43.0265 -122.8720,,,G,U,,UMPQUA NF - TILLER RD,,,,,,,,,Johnnie Springs TS,10,150,,,0,0,,,0,11/24/2015,10:00
154061560002,,,27S-10W-15 / 43.2204 -123.8710,,,G,U,,UMPQUA NF - NORTH UMPQUA RD,,,,,,,,,LITTLE-RIVER-BD-C...,40,300,,,0,0,,,0,10/18/2016,11:00
154061560002,,,27S-10W-15 / 43.2204 -123.8710,,,G,U,,UMPQUA NF - NORTH UMPQUA RD,,,,,,,,,LITTLE-RIVER-BD-C...,40,400,,,0,0,,,1,10/20/2016,10:00
154061560002,,,27S-10W-15 / 43.2204 -123.8710,,,G,U,,UMPQUA NF - NORTH UMPQUA RD,,,,,,,,,LITTLE-RIVER-BD-C...,40,400,,,0,0,,,0,12/7/2015,10:00
154061560002,,,27S-10W-15 / 43.2204 -123.8710,,,G,U,,UMPQUA NF - NORTH UMPQUA RD,,,,,,,,,LITTLE-RIVER-BD-C...,25,200,,,0,0,,,0,11/30/2015,09:00
154061560002,,,27S-10W-15 / 43.2204 -123.8710,,,G,U,,UMPQUA NF - NORTH UMPQUA RD,,,,,,,,,LITTLE-RIVER-BD-C...,25,125,,,0,0,,,5,11/13/2015,11:00
154061560003,,,28S-2W-10 / 43.1489 -122.9230,,,G,U,,UMPQUA NF - NORTH UMPQUA RD,,,,,,,,,PLUS-FOUR-TIMBER-...,45,2500,,,0,0,,,7,12/1/2015,10:00
154061560003,,,28S-2W-10 / 43.1489 -122.9230,,,G,U,,UMPQUA NF - NORTH UMPQUA RD,,,,,,,,,PLUS-FOUR-TIMBER-...,45,2500,,,0,0,,,0,12/2/2015,09:00
154061530002,,,28S-5.5E-20 / 43.1303 -122.1510,,,L,U,,UMPQUA NF - DIAMOND LAKE RD,,,,,,,,,DIAMOND LAKE HELISPOT,3,23,,,0,0,,,0,11/3/2015,11:00
154061530003,,,26S-4E-15 / 43.3070 -122.3320,,,L,U,,UMPQUA NF - DIAMOND LAKE RD,,,,,,,,,WHITETHORN-LANDINGS ,3,25,,,0,0,,,1,11/16/2015,10:00
151530069801,,,28S-50E-21 / 43.0001 -123.0001,,,L,U,,UMPQUA NF - DIAMOND LAKE RD,,,,,,,,,SILENT-LANDINGS     ,1,3,,,0,0,,,0,11/20/2015,10:00
151530069801,,,28S-50E-21 / 43.0001 -123.0001,,,L,U,,UMPQUA NF - DIAMOND LAKE RD,,,,,,,,,SILENT-LANDINGS     ,1,3,,,0,0,,,1,11/19/2015,10:00
151530069801,,,28S-50E-21 / 43.0001 -123.0001,,,L,U,,UMPQUA NF - DIAMOND LAKE RD,,,,,,,,,SILENT-LANDINGS     ,3,10,,,0,0,,,2,11/18/2015,12:00
154061530004,,,26S-5E-31 / 43.2635 -122.2740,,,L,U,,UMPQUA NF - DIAMOND LAKE RD,,,,,,,,,BIOCHAR-PILES_-60RD ,1,20,,,0,0,,,1,11/19/2015,12:00
154061530004,,,26S-5E-31 / 43.2635 -122.2740,,,L,U,,UMPQUA NF - DIAMOND LAKE RD,,,,,,,,,BIOCHAR-PILES_-60RD ,2,40,,,0,0,,,2,11/18/2015,10:00
154061520003,,,310s-020w-23 / 42.8654 -122.9127,,,G,U,,UMPQUA NF - TILLER RD,,,,,,,,,Stouts Creek Fire Cleanup,18,180,,,0,0,,,3,11/2/2016,11:00
154061520003,,,310s-020w-23 / 42.8654 -122.9127,,,G,U,,UMPQUA NF - TILLER RD,,,,,,,,,Stouts Creek Fire Cleanup,10,100,,,0,0,,,0,10/26/2016,09:00
154061520003,,,310s-020w-23 / 42.8654 -122.9127,,,G,U,,UMPQUA NF - TILLER RD,,,,,,,,,Stouts Creek Fire Cleanup,7,70,,,0,0,,,0,11/1/2016,11:00
154061520003,,,310s-020w-23 / 42.8654 -122.9127,,,G,U,,UMPQUA NF - TILLER RD,,,,,,,,,Stouts Creek Fire Cleanup,3,30,,,0,0,,,0,10/27/2016,09:00
154061520003,,,310s-020w-23 / 42.8654 -122.9127,,,G,U,,UMPQUA NF - TILLER RD,,,,,,,,,Stouts Creek Fire Cleanup,2,20,,,0,0,,,2,10/31/2016,10:00
154061520003,,,310s-020w-23 / 42.8654 -122.9127,,,G,U,,UMPQUA NF - TILLER RD,,,,,,,,,Stouts Creek Fire Cleanup,10,80,,,0,0,,,0,12/18/2017,08:00
154061520003,,,310s-020w-23 / 42.8654 -122.9127,,,G,U,,UMPQUA NF - TILLER RD,,,,,,,,,Stouts Creek Fire Cleanup,5,40,,,0,0,,,0,12/20/2017,09:00
161565818801,,,250S-020E-04 / 43.4312 -122.5783,,,U,U,,UMPQUA NF - NORTH UMPQUA RD,,,,,,,,,Canoe #22 rx,12,132,,,10,12,,,10,5/9/2017,04:00
161565818801,,,250S-020E-04 / 43.4312 -122.5783,,,U,U,,UMPQUA NF - NORTH UMPQUA RD,,,,,,,,,Canoe #22 rx,22,242,,,10,12,,,11,5/10/2017,05:00
161565818802,,,250S-020E-04 / 43.4312 -122.5783,,,U,U,,UMPQUA NF - NORTH UMPQUA RD,,,,,,,,,Canoe #22a rx,6,132,,,10,12,,,10,5/9/2017,04:00
161565818805,,,240S-020E-34 / 43.4476 -122.5583,,,U,U,,UMPQUA NF - NORTH UMPQUA RD,,,,,,,,,Canoe #28 rx,22,484,,,9,12,,,10,5/24/2017,04:00
161565818808,,,240S-020E-27 / 43.4622 -122.5583,,,U,U,,UMPQUA NF - NORTH UMPQUA RD,,,,,,,,,Canoe #35b rx,2,44,,,10,12,,,11,5/10/2017,05:00
161565818803,,,24S-2E-34 / 43.4476 -122.5580,,,U,U,,UMPQUA NF - NORTH UMPQUA RD,,,,,,,,,CANOE-24-RX         ,34,748,,,9,13,,,7,5/12/2016,12:00
161565818804,,,24S-2E-34 / 43.4476 -122.5580,,,U,U,,UMPQUA NF - NORTH UMPQUA RD,,,,,,,,,CANOE-26-RX         ,13,286,,,8,12,,,6,5/13/2016,10:00
161565818804,,,24S-2E-34 / 43.4476 -122.5580,,,U,U,,UMPQUA NF - NORTH UMPQUA RD,,,,,,,,,CANOE-26-RX         ,13,286,,,8,12,,,6,5/13/2016,10:00
161532914201,,,26S-4E-15 / 43.3070 -122.3320,,,U,U,,UMPQUA NF - DIAMOND LAKE RD,,,,,,,,,WHITETHORN-RX       ,70,2450,,,9,13,,,7,5/11/2016,12:00
161564430601,,,260S-020E-06 / 43.3363 -122.6274,,,U,U,,UMPQUA NF - NORTH UMPQUA RD,,,,,,,,,Jack #26 RX,42,1092,,,5,6,,,3,6/2/2016,11:00
164061520001,,,29S-10W-35 / 43.0036 -123.8510,,,U,U,,UMPQUA NF - TILLER RD,,,,,,,,,CURTIS-30           ,10,260,,,8,11,,,62,9/21/2016,10:00
164061560001,,,260S-010E-09 / 43.3218 -122.7067,,,N,U,,UMPQUA NF - NORTH UMPQUA RD,,,,,,,,,East Panther Rx,42,840,,,9,16,,,0,9/28/2016,13:00
164061520003,,,30S-10W-11 / 42.9753 -123.8510,,,U,U,,UMPQUA NF - TILLER RD,,,,,,,,,CURTIS-36           ,10,260,,,5,13,,,70,9/28/2016,10:00
161565818809,,,240S-020E-01 / 43.5202 -122.5182,,,H,U,,UMPQUA NF - NORTH UMPQUA RD,,,,,,,,,Sailboat 60 Piles,1,12,,,0,0,,,0,10/13/2016,13:00
161565818809,,,240S-020E-01 / 43.5202 -122.5182,,,H,U,,UMPQUA NF - NORTH UMPQUA RD,,,,,,,,,Sailboat 60 Piles,2,20,,,0,0,,,0,10/14/2016,10:00
161569330605,,,240S-020E-14 / 43.4913 -122.5381,,,H,U,,UMPQUA NF - NORTH UMPQUA RD,,,,,,,,,Sailboat 42 Piles,1,41,,,0,0,,,0,11/1/2016,11:00
161569330605,,,240S-020E-14 / 43.4913 -122.5381,,,H,U,,UMPQUA NF - NORTH UMPQUA RD,,,,,,,,,Sailboat 42 Piles,1,3,,,0,0,,,0,11/2/2016,10:30
161569330608,,,240S-020E-03 / 43.5200 -122.5581,,,H,U,,UMPQUA NF - NORTH UMPQUA RD,,,,,,,,,Sailboat 52 Piles,9,16,,,0,0,,,0,10/25/2016,10:00
161569330608,,,240S-020E-03 / 43.5200 -122.5581,,,H,U,,UMPQUA NF - NORTH UMPQUA RD,,,,,,,,,Sailboat 52 Piles,20,164,,,0,0,,,0,10/26/2016,10:00
161569330612,,,240S-020E-04 / 43.5199 -122.5780,,,H,U,,UMPQUA NF - NORTH UMPQUA RD,,,,,,,,,Sailboat 66 Piles,7,46,,,0,0,,,0,10/25/2016,15:00
161569330613,,,240S-020E-04 / 43.5199 -122.5780,,,H,U,,UMPQUA NF - NORTH UMPQUA RD,,,,,,,,,Sailboat 67 Piles,4,37,,,0,0,,,0,10/18/2016,13:00
161565818810,,,23S-20E-36 / 43.5357 -120.2650,,,H,U,,UMPQUA NF - NORTH UMPQUA RD,,,,,,,,,SAILBOAT-61-PILES   ,9,77,,,0,0,,,0,10/13/2016,11:00
161569330604,,,24S-20E-15 / 43.4922 -120.3060,,,G,U,,UMPQUA NF - NORTH UMPQUA RD,,,,,,,,,SAILBOAT-40-PILES   ,8,41,,,0,0,,,0,10/28/2016,10:00
161569330604,,,24S-20E-15 / 43.4922 -120.3060,,,G,U,,UMPQUA NF - NORTH UMPQUA RD,,,,,,,,,SAILBOAT-40-PILES   ,16,82,,,0,0,,,0,10/31/2016,10:00
161569330611,,,23S-20E-27 / 43.5503 -120.3060,,,G,U,,UMPQUA NF - NORTH UMPQUA RD,,,,,,,,,SAILBOAT-59-PILES   ,2,20,,,0,0,,,0,10/18/2016,10:00
164061530001,,,29S-40E-1 / 43.0817 -117.7660,,,H,U,,UMPQUA NF - DIAMOND LAKE RD,,,,,,,,,SKOOKUM-CAMP-PILES  ,1,6,,,0,0,,,0,10/13/2016,11:00
164061530002,,,26S-30E-33 / 43.2656 -119.0090,,,H,U,,UMPQUA NF - DIAMOND LAKE RD,,,,,,,,,FISH-CREEK-PILES    ,4,6,,,0,0,,,0,10/13/2016,13:00
164061530003,,,27S-6E-8 / 43.2344 -122.1360,,,H,U,,UMPQUA NF - DIAMOND LAKE RD,,,,,,,,,CINNAMON-BUTTE      ,3,6,,,0,0,,,0,10/13/2016,12:00
164061530004,,,28S-50E-24 / 43.0001 -123.0001,,,G,U,,UMPQUA NF - DIAMOND LAKE RD,,,,,,,,,HWY-230-PILES       ,6,23,,,0,0,,,0,10/14/2016,10:00
164061530005,,,28S-50E-12 / 43.0001 -123.0001,,,H,U,,UMPQUA NF - DIAMOND LAKE RD,,,,,,,,,SUMMER-STEW-PILES   ,2,3,,,0,0,,,0,10/17/2016,10:00
164061530005,,,28S-50E-12 / 43.0001 -123.0001,,,H,U,,UMPQUA NF - DIAMOND LAKE RD,,,,,,,,,SUMMER-STEW-PILES   ,18,24,,,0,0,,,0,10/18/2016,11:00
164061530007,,,26S-50E-18 / 43.0001 -123.0001,,,G,U,,UMPQUA NF - DIAMOND LAKE RD,,,,,,,,,INLET-CG-PILES      ,1,7,,,0,0,,,0,10/14/2016,13:00
164061560002,,,27S-10W-34 / 43.1777 -123.8710,,,G,U,,UMPQUA NF - NORTH UMPQUA RD,,,,,,,,,EBONY-TS            ,22,120,,,0,0,,,0,10/25/2016,09:00
161565818811,,,25S-20E-9 / 43.4199 -120.3260,,,H,U,,UMPQUA NF - NORTH UMPQUA RD,,,,,,,,,CANOE-14-14A-PILES  ,6,10,,,0,0,,,0,10/21/2016,10:00
161565818811,,,25S-20E-9 / 43.4199 -120.3260,,,H,U,,UMPQUA NF - NORTH UMPQUA RD,,,,,,,,,CANOE-14-14A-PILES  ,6,15,,,0,0,,,0,10/19/2016,10:00
161565818811,,,25S-20E-9 / 43.4199 -120.3260,,,H,U,,UMPQUA NF - NORTH UMPQUA RD,,,,,,,,,CANOE-14-14A-PILES  ,40,93,,,0,0,,,0,10/20/2016,10:00
164061520004,,,310S-010W-13 / 42.8798 -122.7695,,,G,U,,UMPQUA NF - TILLER RD,,,,,,,,,Leavito TS,20,200,,,0,0,,,3,11/3/2016,11:00
164061520004,,,310S-010W-13 / 42.8798 -122.7695,,,G,U,,UMPQUA NF - TILLER RD,,,,,,,,,Leavito TS,239,1912,,,0,0,,,0,10/23/2017,09:30
164061520004,,,310S-010W-13 / 42.8798 -122.7695,,,G,U,,UMPQUA NF - TILLER RD,,,,,,,,,Leavito TS,54,0,,,0,0,,,1,11/6/2017,09:00
164061520004,,,310S-010W-13 / 42.8798 -122.7695,,,G,U,,UMPQUA NF - TILLER RD,,,,,,,,,Leavito TS,33,0,,,0,0,,,2,7/11/2017,11:00
164061520005,,,300S-010W-28 / 42.9388 -122.8325,,,L,U,,UMPQUA NF - TILLER RD,,,,,,,,,Whiskey Salvage TS,11,80,,,0,0,,,7,10/25/2017,09:30
164061520005,,,300S-010W-28 / 42.9388 -122.8325,,,L,U,,UMPQUA NF - TILLER RD,,,,,,,,,Whiskey Salvage TS,8,64,,,0,0,,,15,10/31/2017,11:00
164061520005,,,300S-010W-28 / 42.9388 -122.8325,,,L,U,,UMPQUA NF - TILLER RD,,,,,,,,,Whiskey Salvage TS,23,100,,,0,0,,,0,1/24/2018,09:00
164061530008,,,280S-050E-12 / 43.1484 -122.1739,,,H,U,,UMPQUA NF - DIAMOND LAKE RD,,,,,,,,,Summer Stew piles,15,90,,,0,0,,,0,10/16/2016,10:00
164061530008,,,280S-050E-12 / 43.1484 -122.1739,,,H,U,,UMPQUA NF - DIAMOND LAKE RD,,,,,,,,,Summer Stew piles,15,20,,,0,0,,,0,10/24/2016,10:00
164061530008,,,280S-050E-12 / 43.1484 -122.1739,,,H,U,,UMPQUA NF - DIAMOND LAKE RD,,,,,,,,,Summer Stew piles,50,18,,,0,0,,,0,10/14/2017,10:30
164061520006,,,31S-2W-23 / 42.8653 -122.9130,,,L,U,,UMPQUA NF - TILLER RD,,,,,,,,,STOUTS-CREEK-STEW...,15,150,,,0,0,,,2,10/31/2016,10:00
164061520006,,,31S-2W-23 / 42.8653 -122.9130,,,L,U,,UMPQUA NF - TILLER RD,,,,,,,,,STOUTS-CREEK-STEW...,30,300,,,0,0,,,3,11/1/2016,11:00
164061520006,,,31S-2W-23 / 42.8653 -122.9130,,,L,U,,UMPQUA NF - TILLER RD,,,,,,,,,STOUTS-CREEK-STEW...,10,100,,,0,0,,,3,11/2/2016,11:00
164061520006,,,31S-2W-23 / 42.8653 -122.9130,,,L,U,,UMPQUA NF - TILLER RD,,,,,,,,,STOUTS-CREEK-STEW...,20,200,,,0,0,,,0,10/26/2016,09:00
164061560003,,,27S-10W-15 / 43.2204 -123.8710,,,L,U,,UMPQUA NF - NORTH UMPQUA RD,,,,,,,,,LITTLE-RIVER-BD-C...,40,400,,,0,0,,,5,10/25/2016,09:00
164061560003,,,27S-10W-15 / 43.2204 -123.8710,,,L,U,,UMPQUA NF - NORTH UMPQUA RD,,,,,,,,,LITTLE-RIVER-BD-C...,24,240,,,0,0,,,6,10/24/2016,09:00
161565818812,,,250S-020E-03 / 43.4312 -122.5585,,,H,U,,UMPQUA NF - NORTH UMPQUA RD,,,,,,,,,Canoe 20,12,40,,,0,0,,,0,10/24/2016,10:30
164061520010,,,31S-2W-23 / 42.8653 -122.9130,,,G,U,,UMPQUA NF - TILLER RD,,,,,,,,,STOUTS-CREEK-STEW...,1,10,,,0,0,,,0,10/27/2016,09:00
174061560004,,,250S-020E-07 / 43.4149 -122.6153,,,H,U,,UMPQUA NF - NORTH UMPQUA RD,,,,,,,,,"ROWBOAT 11,7,7A  MP/HP",29,39,,,0,0,,,0,10/26/2017,11:00
174061520002,,,310S-020W-12 / 42.8947 -122.8926,,,H,U,,UMPQUA NF - TILLER RD,,,,,,,,,Drew Veg Biochar,2,80,,,0,0,,,0,10/17/2017,08:30
174061520002,,,310S-020W-12 / 42.8947 -122.8926,,,H,U,,UMPQUA NF - TILLER RD,,,,,,,,,Drew Veg Biochar,1,80,,,0,0,,,0,10/18/2017,08:30
174061520002,,,310S-020W-12 / 42.8947 -122.8926,,,H,U,,UMPQUA NF - TILLER RD,,,,,,,,,Drew Veg Biochar,11,88,,,0,0,,,2,11/7/2017,10:00
174061520003,,,320S-030W-15 / 42.7915 -123.0428,,,H,U,,UMPQUA NF - TILLER RD,,,,,,,,,Upper Cow HF ,15,85,,,0,0,,,0,11/16/2017,09:00
174061520003,,,320S-030W-15 / 42.7915 -123.0428,,,H,U,,UMPQUA NF - TILLER RD,,,,,,,,,Upper Cow HF ,0,0,,,0,0,,,0,11/28/2017,10:30
174061530001,,,280S-055E-21 / 43.1314 -122.1304,,,H,U,,UMPQUA NF - DIAMOND LAKE RD,,,,,,,,,South Diamond,5,7,,,0,0,,,0,10/30/2018,10:00
174061530001,,,280S-055E-21 / 43.1314 -122.1304,,,H,U,,UMPQUA NF - DIAMOND LAKE RD,,,,,,,,,South Diamond,8,14,,,0,0,,,0,10/31/2018,10:00
174061530001,,,280S-055E-21 / 43.1314 -122.1304,,,H,U,,UMPQUA NF - DIAMOND LAKE RD,,,,,,,,,South Diamond,9,19,,,0,0,,,0,11/1/2018,10:30
174061530001,,,280S-055E-21 / 43.1314 -122.1304,,,H,U,,UMPQUA NF - DIAMOND LAKE RD,,,,,,,,,South Diamond,5,4,,,0,0,,,0,11/27/2018,13:00
174061530001,,,280S-055E-21 / 43.1314 -122.1304,,,H,U,,UMPQUA NF - DIAMOND LAKE RD,,,,,,,,,South Diamond,1,1,,,0,0,,,0,11/28/2018,12:30
174061530001,,,280S-055E-21 / 43.1314 -122.1304,,,H,U,,UMPQUA NF - DIAMOND LAKE RD,,,,,,,,,South Diamond,7,7,,,0,0,,,0,12/6/2018,10:00
174061530001,,,280S-055E-21 / 43.1314 -122.1304,,,H,U,,UMPQUA NF - DIAMOND LAKE RD,,,,,,,,,South Diamond,5,5,,,0,0,,,0,12/11/2018,09:00
174061530002,,,280S-050E-13 / 43.1341 -122.1739,,,H,U,,UMPQUA NF - DIAMOND LAKE RD,,,,,,,,,Summer Stew piles 2,25,32,,,0,0,,,0,10/14/2017,10:00
174061530002,,,280S-050E-13 / 43.1341 -122.1739,,,H,U,,UMPQUA NF - DIAMOND LAKE RD,,,,,,,,,Summer Stew piles 2,15,30,,,0,0,,,0,10/17/2017,11:00
174061530002,,,280S-050E-13 / 43.1341 -122.1739,,,H,U,,UMPQUA NF - DIAMOND LAKE RD,,,,,,,,,Summer Stew piles 2,1,3,,,0,0,,,0,12/7/2018,09:00
174061530002,,,280S-050E-13 / 43.1341 -122.1739,,,H,U,,UMPQUA NF - DIAMOND LAKE RD,,,,,,,,,Summer Stew piles 2,20,30,,,0,0,,,0,10/20/2017,09:30
174061530002,,,280S-050E-13 / 43.1341 -122.1739,,,H,U,,UMPQUA NF - DIAMOND LAKE RD,,,,,,,,,Summer Stew piles 2,25,30,,,0,0,,,0,10/22/2017,09:30
174061530002,,,280S-050E-13 / 43.1341 -122.1739,,,H,U,,UMPQUA NF - DIAMOND LAKE RD,,,,,,,,,Summer Stew piles 2,25,29,,,0,0,,,0,10/23/2017,11:00
174061530002,,,280S-050E-13 / 43.1341 -122.1739,,,H,U,,UMPQUA NF - DIAMOND LAKE RD,,,,,,,,,Summer Stew piles 2,13,15,,,0,0,,,0,10/24/2017,12:00
174061530002,,,280S-050E-13 / 43.1341 -122.1739,,,H,U,,UMPQUA NF - DIAMOND LAKE RD,,,,,,,,,Summer Stew piles 2,30,36,,,0,0,,,0,10/25/2017,12:00
174061530002,,,280S-050E-13 / 43.1341 -122.1739,,,H,U,,UMPQUA NF - DIAMOND LAKE RD,,,,,,,,,Summer Stew piles 2,5,15,,,0,0,,,0,1/9/2018,10:43
171533901801,,,260S-020E-25 / 43.2783 -122.5277,,,G,U,,UMPQUA NF - DIAMOND LAKE RD,,,,,,,,,Oak Flats Stew piles,2,8,,,0,0,,,0,11/15/2017,08:30
184061520001,,,300S-020W-33 / 42.9241 -122.9518,,,L,U,,UMPQUA NF - TILLER RD,,,,,,,,,Mill Hill,1,25,,,0,0,,,7,2/5/2017,10:30
184061560001,,,240S-020E-21 / 43.4768 -122.5782,,,U,U,,UMPQUA NF - NORTH UMPQUA RD,,,,,,,,,Sailboat 33 underburn,30,450,,,10,30,,,6,5/5/2018,10:00
184061560002,,,240S-020E-33 / 43.4476 -122.5781,,,U,U,,UMPQUA NF - NORTH UMPQUA RD,,,,,,,,,Sailboat 51 underburn,39,1131,,,13,15,,,5,5/21/2018,12:03
184061560003,,,240S-030E-27 / 43.4632 -122.4398,,,U,U,,UMPQUA NF - NORTH UMPQUA RD,,,,,,,,,Sailboat 59 underburn,6,168,,,10,15,,,5,5/21/2018,14:50
184061520002,,,290S-010W-14 / 43.0554 -122.7942,,,H,U,,UMPQUA NF - TILLER RD,,,,,,,,,Tiller Compound,1,1,,,0,0,,,0,4/30/2018,08:30
184061530001,,,260S-060E-07 / 43.3215 -122.1570,,,N,U,,UMPQUA NF - DIAMOND LAKE RD,,,,,,,,,Lemolo Pine Health,43,1032,,,7,20,,,20,6/6/2018,10:11
184061520003,,,29S-10W-36 / 43.0120 -122.7700,,,U,U,,UMPQUA NF - TILLER RD,,,,,,,,,Curtis 26 2018,64,896,,,8,18,,,17,6/27/2018,11:00
181531533901,,,260S-020E-25 / 43.2783 -122.5277,,,U,U,,UMPQUA NF - DIAMOND LAKE RD,,,,,,,,,Oak Flats Stew Underburn,6,60,,,9,15,,,14,10/18/2018,11:00
181532464101,,,27S-6E-32 / 43.1767 -122.1369,,,G,U,,UMPQUA NF - DIAMOND LAKE RD,,,,,,,,,Lagoon TS,21,19,,,0,0,,,0,11/27/2018,09:00
181532464101,,,27S-6E-32 / 43.1767 -122.1369,,,G,U,,UMPQUA NF - DIAMOND LAKE RD,,,,,,,,,Lagoon TS,2,10,,,0,0,,,0,12/6/2018,09:00
181532464101,,,27S-6E-32 / 43.1767 -122.1369,,,G,U,,UMPQUA NF - DIAMOND LAKE RD,,,,,,,,,Lagoon TS,25,138,,,0,0,,,0,12/11/2018,09:00
181532464101,,,27S-6E-32 / 43.1767 -122.1369,,,G,U,,UMPQUA NF - DIAMOND LAKE RD,,,,,,,,,Lagoon TS,3,14,,,0,0,,,0,12/12/2018,09:00
181532464101,,,27S-6E-32 / 43.1767 -122.1369,,,G,U,,UMPQUA NF - DIAMOND LAKE RD,,,,,,,,,Lagoon TS,3,15,,,0,0,,,0,12/13/2018,10:00
181532464101,,,27S-6E-32 / 43.1767 -122.1369,,,G,U,,UMPQUA NF - DIAMOND LAKE RD,,,,,,,,,Lagoon TS,15,143,,,0,0,,,0,12/4/2019,09:00
181532464101,,,27S-6E-32 / 43.1767 -122.1369,,,G,U,,UMPQUA NF - DIAMOND LAKE RD,,,,,,,,,Lagoon TS,20,118,,,0,0,,,0,12/5/2019,08:00
181532464101,,,27S-6E-32 / 43.1767 -122.1369,,,G,U,,UMPQUA NF - DIAMOND LAKE RD,,,,,,,,,Lagoon TS,26,300,,,0,0,,,0,12/6/2019,08:00
181532464101,,,27S-6E-32 / 43.1767 -122.1369,,,G,U,,UMPQUA NF - DIAMOND LAKE RD,,,,,,,,,Lagoon TS,6,50,,,0,0,,,0,12/10/2019,08:00
181537030101,,,26S-5E-25 / 43.2780 -122.1770,,,L,U,,UMPQUA NF - DIAMOND LAKE RD,,,,,,,,,Sandsand TS,1,11,,,0,0,,,0,12/11/2018,09:00
181537030101,,,26S-5E-25 / 43.2780 -122.1770,,,L,U,,UMPQUA NF - DIAMOND LAKE RD,,,,,,,,,Sandsand TS,5,54,,,0,0,,,0,12/12/2018,08:00
181537030101,,,26S-5E-25 / 43.2780 -122.1770,,,L,U,,UMPQUA NF - DIAMOND LAKE RD,,,,,,,,,Sandsand TS,18,170,,,0,0,,,0,12/13/2018,10:00
181537030101,,,26S-5E-25 / 43.2780 -122.1770,,,L,U,,UMPQUA NF - DIAMOND LAKE RD,,,,,,,,,Sandsand TS,14,121,,,0,0,,,0,12/6/2019,08:00
181537150801,,,250S-050E-34 / 43.3572 -122.2004,,,H,U,,UMPQUA NF - DIAMOND LAKE RD,,,,,,,,,Whitebird HP,5,15,,,0,0,,,0,10/30/2018,11:00
184061530002,,,27S-3E-17 / 43.2201 -122.4888,,,G,U,,UMPQUA NF - DIAMOND LAKE RD,,,,,,,,,UN Piles - South,17,20,,,0,0,,,0,10/31/2018,10:00
184061530002,,,27S-3E-17 / 43.2201 -122.4888,,,G,U,,UMPQUA NF - DIAMOND LAKE RD,,,,,,,,,UN Piles - South,1,1,,,0,0,,,0,11/28/2018,09:00
184061530002,,,27S-3E-17 / 43.2201 -122.4888,,,G,U,,UMPQUA NF - DIAMOND LAKE RD,,,,,,,,,UN Piles - South,1,5,,,0,0,,,0,12/12/2019,09:00
184061530003,,,250S-030E-23 / 43.3860 -122.4205,,,G,U,,UMPQUA NF - DIAMOND LAKE RD,,,,,,,,,UN Piles - North,6,8,,,0,0,,,0,10/31/2018,10:00
181530069801,,,260S-050E-09 / 43.3216 -122.2360,,,G,U,,UMPQUA NF - DIAMOND LAKE RD,,,,,,,,,Bebe TS,55,508,,,0,0,,,0,11/1/2018,10:30
181533901801,,,26S-6E-29 / 43.2779 -122.1367,,,G,U,,UMPQUA NF - DIAMOND LAKE RD,,,,,,,,,Delay TS,20,20,,,0,0,,,0,10/16/2019,09:00
181533901801,,,26S-6E-29 / 43.2779 -122.1367,,,G,U,,UMPQUA NF - DIAMOND LAKE RD,,,,,,,,,Delay TS,7,7,,,0,0,,,0,10/21/2019,09:00
181533901801,,,26S-6E-29 / 43.2779 -122.1367,,,G,U,,UMPQUA NF - DIAMOND LAKE RD,,,,,,,,,Delay TS,8,8,,,0,0,,,0,10/22/2019,10:00
181533901801,,,26S-6E-29 / 43.2779 -122.1367,,,G,U,,UMPQUA NF - DIAMOND LAKE RD,,,,,,,,,Delay TS,4,5,,,0,0,,,0,10/23/2019,09:00
181533901801,,,26S-6E-29 / 43.2779 -122.1367,,,G,U,,UMPQUA NF - DIAMOND LAKE RD,,,,,,,,,Delay TS,22,265,,,0,0,,,0,12/6/2019,08:00
184061530004,,,260S-060E-10 / 43.3215 -122.0972,,,H,U,,UMPQUA NF - DIAMOND LAKE RD,,,,,,,,,Cinn RAWS,1,2,,,0,0,,,0,10/30/2018,10:00
184061560005,,,250S-010E-13 / 43.4004 -122.6326,,,G,U,,UMPQUA NF - NORTH UMPQUA RD,,,,,,,,,Rowboat 1a MP,11,6,,,0,0,,,0,11/1/2018,10:00
184061560006,,,250S-020E-04 / 43.4312 -122.5783,,,H,U,,UMPQUA NF - NORTH UMPQUA RD,,,,,,,,,Canoe 19 HP,12,7,,,0,0,,,0,10/31/2018,10:00
184061560007,,,250S-020E-04 / 43.4312 -122.5783,,,G,U,,UMPQUA NF - NORTH UMPQUA RD,,,,,,,,,Canoe 19 MP,6,46,,,0,0,,,0,10/31/2018,10:00
184061560008,,,250S-010E-03 / 43.4300 -122.6722,,,G,U,,UMPQUA NF - NORTH UMPQUA RD,,,,,,,,,Canoe 21 MP,5,23,,,0,0,,,0,10/31/2018,10:00
184061560009,,,250S-020E-14 / 43.4003 -122.5387,,,H,U,,UMPQUA NF - NORTH UMPQUA RD,,,,,,,,,UN Complex &#39;17 HP,10,30,,,0,0,,,0,10/30/2018,11:00
184061560009,,,250S-020E-14 / 43.4003 -122.5387,,,H,U,,UMPQUA NF - NORTH UMPQUA RD,,,,,,,,,UN Complex &#39;17 HP,10,30,,,0,0,,,0,10/31/2018,10:00
184061560010,,,250S-020E-11 / 43.4148 -122.5386,,,G,U,,UMPQUA NF - NORTH UMPQUA RD,,,,,,,,,UN Complex &#39;17 MP,7,78,,,0,0,,,0,10/30/2018,11:00
184061560010,,,250S-020E-11 / 43.4148 -122.5386,,,G,U,,UMPQUA NF - NORTH UMPQUA RD,,,,,,,,,UN Complex &#39;17 MP,13,78,,,0,0,,,0,10/31/2019,10:00
184061520018,,,32S-3W-32 / 42.7450 -123.0783,,,H,U,,UMPQUA NF - TILLER RD,,,,,,,,,Cow Creek 1,69,69,,,0,0,,,0,10/16/2019,10:00
184061520023,,,32S-3W-23 / 42.7754 -123.0196,,,H,U,,UMPQUA NF - TILLER RD,,,,,,,,,Cow Creek 5,1,1,,,0,0,,,0,9/26/2019,11:00
184061520023,,,32S-3W-23 / 42.7754 -123.0196,,,H,U,,UMPQUA NF - TILLER RD,,,,,,,,,Cow Creek 5,8,8,,,0,0,,,0,9/28/2019,09:30
184061520023,,,32S-3W-23 / 42.7754 -123.0196,,,H,U,,UMPQUA NF - TILLER RD,,,,,,,,,Cow Creek 5,14,14,,,0,0,,,0,9/30/2019,11:00
184061520023,,,32S-3W-23 / 42.7754 -123.0196,,,H,U,,UMPQUA NF - TILLER RD,,,,,,,,,Cow Creek 5,37,37,,,0,0,,,0,10/1/2019,10:00
184061520023,,,32S-3W-23 / 42.7754 -123.0196,,,H,U,,UMPQUA NF - TILLER RD,,,,,,,,,Cow Creek 5,40,40,,,0,0,,,0,10/2/2019,10:00
184061520023,,,32S-3W-23 / 42.7754 -123.0196,,,H,U,,UMPQUA NF - TILLER RD,,,,,,,,,Cow Creek 5,30,30,,,0,0,,,0,10/3/2019,10:00
184061520023,,,32S-3W-23 / 42.7754 -123.0196,,,H,U,,UMPQUA NF - TILLER RD,,,,,,,,,Cow Creek 5,12,12,,,0,0,,,0,10/4/2019,10:00
184061520023,,,32S-3W-23 / 42.7754 -123.0196,,,H,U,,UMPQUA NF - TILLER RD,,,,,,,,,Cow Creek 5,20,20,,,0,0,,,0,10/8/2019,10:00
184061520023,,,32S-3W-23 / 42.7754 -123.0196,,,H,U,,UMPQUA NF - TILLER RD,,,,,,,,,Cow Creek 5,40,40,,,0,0,,,0,10/16/2019,10:00
184061520023,,,32S-3W-23 / 42.7754 -123.0196,,,H,U,,UMPQUA NF - TILLER RD,,,,,,,,,Cow Creek 5,40,40,,,0,0,,,0,10/16/2019,10:00
184061520024,,,32S-3W-15 / 42.7915 -123.0428,,,H,U,,UMPQUA NF - TILLER RD,,,,,,,,,Cow Creek 6,11,10,,,0,0,,,0,10/16/2019,10:00
184061520025,,,320S-030W-15 / 42.7915 -123.0428,,,H,U,,UMPQUA NF - TILLER RD,,,,,,,,,Cow Creek 7,7,7,,,0,0,,,0,12/3/2018,10:00
184061520026,,,320S-030W-09 / 42.8054 -123.0617,,,H,U,,UMPQUA NF - TILLER RD,,,,,,,,,Cow Creek 8,1,1,,,0,0,,,0,12/3/2018,11:00
184061520027,,,320S-030W-09 / 42.8054 -123.0617,,,H,U,,UMPQUA NF - TILLER RD,,,,,,,,,Cow Creek 9,1,1,,,0,0,,,0,12/6/2018,12:00
184061520028,,,32S-3W-09 / 42.8054 -123.0617,,,H,U,,UMPQUA NF - TILLER RD,,,,,,,,,Cow Creek 10,19,19,,,0,0,,,0,10/18/2019,11:00
184061520030,,,32S-3W-12 / 42.8058 -123.0018,,,H,U,,UMPQUA NF - TILLER RD,,,,,,,,,Cow Creek 12,6,6,,,0,0,,,0,10/18/2019,12:00
184061520031,,,32S-3W-12 / 42.8058 -123.0018,,,H,U,,UMPQUA NF - TILLER RD,,,,,,,,,Cow Creek 13,3,3,,,0,0,,,0,12/13/2018,09:00
184061520031,,,32S-3W-12 / 42.8058 -123.0018,,,H,U,,UMPQUA NF - TILLER RD,,,,,,,,,Cow Creek 13,9,9,,,0,0,,,0,10/18/2019,12:30
184061520033,,,320S-030W-09 / 42.8054 -123.0617,,,H,U,,UMPQUA NF - TILLER RD,,,,,,,,,Cow Creek 15,25,25,,,0,0,,,0,12/3/2018,10:00
184061520033,,,320S-030W-09 / 42.8054 -123.0617,,,H,U,,UMPQUA NF - TILLER RD,,,,,,,,,Cow Creek 15,20,20,,,0,0,,,0,12/11/2018,09:00
184061520034,,,320S-030W-11 / 42.8056 -123.0233,,,H,U,,UMPQUA NF - TILLER RD,,,,,,,,,Cow Creek 16,5,5,,,0,0,,,0,12/12/2018,09:00
184061520034,,,320S-030W-11 / 42.8056 -123.0233,,,H,U,,UMPQUA NF - TILLER RD,,,,,,,,,Cow Creek 16,8,7,,,0,0,,,0,12/13/2018,09:00
184061520036,,,320S-030W-05 / 42.8198 -123.0813,,,H,U,,UMPQUA NF - TILLER RD,,,,,,,,,Cow Creek 18,1,1,,,0,0,,,0,11/29/2018,11:00
184061520037,,,320S-030W-05 / 42.8198 -123.0813,,,H,U,,UMPQUA NF - TILLER RD,,,,,,,,,Cow Creek 19,1,2,,,0,0,,,0,12/11/2018,09:00
184061520038,,,320S-030W-03 / 42.8200 -123.0425,,,H,U,,UMPQUA NF - TILLER RD,,,,,,,,,Cow Creek 20,19,19,,,0,0,,,0,12/13/2018,09:00
184061520039,,,320S-030W-03 / 42.8200 -123.0425,,,H,U,,UMPQUA NF - TILLER RD,,,,,,,,,Cow Creek 21,25,24,,,0,0,,,0,12/12/2018,09:00
184061520040,,,320S-030W-03 / 42.8200 -123.0425,,,H,U,,UMPQUA NF - TILLER RD,,,,,,,,,Cow Creek 22,22,21,,,0,0,,,0,10/31/2018,10:00
184061520041,,,320S-030W-05 / 42.8198 -123.0813,,,H,U,,UMPQUA NF - TILLER RD,,,,,,,,,Cow Creek 23,35,35,,,0,0,,,0,11/29/2018,11:00
184061520041,,,320S-030W-05 / 42.8198 -123.0813,,,H,U,,UMPQUA NF - TILLER RD,,,,,,,,,Cow Creek 23,6,6,,,0,0,,,0,12/3/2018,09:00
184061520042,,,32S-3W-05 / 42.8198 -123.0813,,,N,U,,UMPQUA NF - TILLER RD,,,,,,,,,Cow Creek 24,13,13,,,0,0,,,0,11/25/2019,09:00
184061520043,,,320S-030W-02 / 42.8200 -123.0231,,,H,U,,UMPQUA NF - TILLER RD,,,,,,,,,Cow Creek 25,16,16,,,0,0,,,0,10/31/2018,10:00
184061520043,,,320S-030W-02 / 42.8200 -123.0231,,,H,U,,UMPQUA NF - TILLER RD,,,,,,,,,Cow Creek 25,16,16,,,0,0,,,0,11/28/2018,10:00
184061520044,,,310S-030W-35 / 42.8348 -123.0228,,,H,U,,UMPQUA NF - TILLER RD,,,,,,,,,Cow Creek 26,1,1,,,0,0,,,0,10/31/2018,10:00
184061520045,,,310S-030W-33 / 42.8345 -123.0621,,,H,U,,UMPQUA NF - TILLER RD,,,,,,,,,Cow Creek 27,19,18,,,0,0,,,0,10/31/2018,10:00
184061520046,,,310S-030W-35 / 42.8348 -123.0228,,,H,U,,UMPQUA NF - TILLER RD,,,,,,,,,Cow Creek 28,1,1,,,0,0,,,0,10/10/2018,10:00
184061520047,,,310S-030W-35 / 42.8348 -123.0228,,,H,U,,UMPQUA NF - TILLER RD,,,,,,,,,Cow Creek 29,7,7,,,0,0,,,0,10/31/2018,10:00
184061520048,,,310S-030W-35 / 42.8348 -123.0228,,,H,U,,UMPQUA NF - TILLER RD,,,,,,,,,Cow Creek 30,2,2,,,0,0,,,0,10/31/2018,10:00
184061520049,,,310S-030W-35 / 42.8348 -123.0228,,,H,U,,UMPQUA NF - TILLER RD,,,,,,,,,Cow Creek 31,12,12,,,0,0,,,0,10/31/2018,10:00
184061520049,,,310S-030W-35 / 42.8348 -123.0228,,,H,U,,UMPQUA NF - TILLER RD,,,,,,,,,Cow Creek 31,23,22,,,0,0,,,0,11/29/2018,09:00
184061520050,,,32S-2W-07 / 42.8035 -122.9805,,,H,U,,UMPQUA NF - TILLER RD,,,,,,,,,Cow Creek 32,5,5,,,0,0,,,0,10/18/2019,10:00
184061520051,,,32S-2W-11 / 42.8037 -122.9025,,,H,U,,UMPQUA NF - TILLER RD,,,,,,,,,Elk PCT 690,11,11,,,0,0,,,0,11/20/2020,13:00
184061520052,,,32S-2W-11 / 42.8037 -122.9025,,,H,U,,UMPQUA NF - TILLER RD,,,,,,,,,Elk PCT 700,12,12,,,0,0,,,0,11/20/2020,08:00
184061520059,,,32S-2W-03 / 42.8197 -122.9220,,,H,U,,UMPQUA NF - TILLER RD,,,,,,,,,Elk PCT 850,15,15,,,0,0,,,0,12/9/2019,11:00
184061520061,,,280S-010E-18 / 43.1345 -122.7458,,,G,U,,UMPQUA NF - TILLER RD,,,,,,,,,Falcon Piles 27,5,5,,,0,0,,,0,12/17/2018,09:00
184061520062,,,280S-010E-33 / 43.0908 -122.7062,,,G,U,,UMPQUA NF - TILLER RD,,,,,,,,,Falcon Piles 2826,6,6,,,0,0,,,0,12/17/2018,09:00
184061520063,,,290S-020E-27 / 43.0183 -122.5690,,,G,U,,UMPQUA NF - TILLER RD,,,,,,,,,Falcon Piles 29,29,28,,,0,0,,,0,12/17/2018,09:00
184061520064,,,290S-020E-27 / 43.0183 -122.5690,,,G,U,,UMPQUA NF - TILLER RD,,,,,,,,,Falcon Piles 800,15,31,,,0,0,,,0,12/17/2018,09:00
184061520064,,,290S-020E-27 / 43.0183 -122.5690,,,G,U,,UMPQUA NF - TILLER RD,,,,,,,,,Falcon Piles 800,5,5,,,0,0,,,0,12/17/2018,09:00
184061520065,,,290S-020E-26 / 43.0182 -122.5496,,,G,U,,UMPQUA NF - TILLER RD,,,,,,,,,Falcon Piles 808,20,0,,,0,0,,,0,12/17/2018,09:00
184061520066,,,280S-010E-03 / 43.1629 -122.6864,,,G,U,,UMPQUA NF - TILLER RD,,,,,,,,,Falcon Piles 900,9,0,,,0,0,,,0,12/17/2018,09:00
184061520067,,,300S-020E-19 / 42.9464 -122.6284,,,G,U,,UMPQUA NF - TILLER RD,,,,,,,,,Falcon Piles Cougar,1,1,,,0,0,,,0,12/17/2018,09:00
184061520069,,,300S-010E-33 / 42.9175 -122.7063,,,G,U,,UMPQUA NF - TILLER RD,,,,,,,,,Falcon Piles Tallow,6,6,,,0,0,,,0,10/30/2018,13:00
184061520070,,,280S-030E-31 / 43.0907 -122.5096,,,G,U,,UMPQUA NF - TILLER RD,,,,,,,,,Falcon Piles 2840,54,54,,,0,0,,,0,10/30/2018,13:00
184061520071,,,30S-1W-20 / 42.9535 -122.8525,,,G,U,,UMPQUA NF - TILLER RD,,,,,,,,,29 Road Piles,1,1,,,0,0,,,0,10/16/2019,10:00
184061520072,,,32S-2W-18 / 42.7891 -122.9805,,,L,U,,UMPQUA NF - TILLER RD,,,,,,,,,Stouts Cleanup FY 19,10,300,,,0,0,,,0,12/17/2018,09:00
184061520072,,,32S-2W-18 / 42.7891 -122.9805,,,L,U,,UMPQUA NF - TILLER RD,,,,,,,,,Stouts Cleanup FY 19,5,10,,,0,0,,,4,12/9/2019,12:00
184061520072,,,32S-2W-18 / 42.7891 -122.9805,,,L,U,,UMPQUA NF - TILLER RD,,,,,,,,,Stouts Cleanup FY 19,8,10,,,0,0,,,0,1/28/2020,09:00
184061520072,,,32S-2W-18 / 42.7891 -122.9805,,,L,U,,UMPQUA NF - TILLER RD,,,,,,,,,Stouts Cleanup FY 19,2,10,,,0,0,,,0,2/5/2020,09:00
184061520072,,,32S-2W-18 / 42.7891 -122.9805,,,L,U,,UMPQUA NF - TILLER RD,,,,,,,,,Stouts Cleanup FY 19,25,300,,,0,0,,,2,11/23/2020,10:00
184061520073,,,30S-3W-33 / 42.9248 -123.0711,,,L,U,,UMPQUA NF - TILLER RD,,,,,,,,,Mill Hill FY 19,1,4,,,0,0,,,0,12/18/2018,09:00
184061520074,,,300S-030W-33 / 42.9248 -123.0711,,,H,U,,UMPQUA NF - TILLER RD,,,,,,,,,Tiller Compound FY 19,2,2,,,0,0,,,0,10/30/2018,08:00
194061520001,,,30s-2w-33 / 42.9241 -122.9518,,,H,U,,UMPQUA NF - TILLER RD,,,,,,,,,Tiller Compound Admin Piles,2,38,,,0,0,,,0,5/20/2019,10:00
194061520002,,,30S-2w-33 / 42.9241 -122.9518,,,N,U,,UMPQUA NF - TILLER RD,,,,,,,,,Mill Hill Underburn,25,225,,,8,12,,,30,6/25/2019,12:00
194061520004,,,31S-1W-24 / 42.8653 -122.7693,,,H,U,,UMPQUA NF - TILLER RD,,,,,,,,,Benny 20,35,68,,,0,0,,,0,11/26/2019,08:00
194061520005,,,31S-1W-15 / 42.8798 -122.8130,,,G,U,,UMPQUA NF - TILLER RD,,,,,,,,,Benny 25,26,28,,,0,0,,,0,12/17/2019,10:00
194061520006,,,31S-1W-24 / 42.8653 -122.7693,,,G,U,,UMPQUA NF - TILLER RD,,,,,,,,,Benny 26,28,28,,,0,0,,,48,11/19/2020,08:00
194061520007,,,31S-1W-15 / 42.8798 -122.8130,,,G,U,,UMPQUA NF - TILLER RD,,,,,,,,,Benny 30,15,4,,,0,0,,,1,12/16/2019,09:30
194061520009,,,31S-1W-18 / 42.8800 -122.8730,,,G,U,,UMPQUA NF - TILLER RD,,,,,,,,,Benny 86,32,40,,,0,0,,,0,11/19/2020,08:00
194061520010,,,31S-1W-18 / 42.8800 -122.8730,,,G,U,,UMPQUA NF - TILLER RD,,,,,,,,,Benny 94,45,56,,,0,0,,,0,11/18/2020,10:00
194061520011,,,31S-1W-23 / 42.8652 -122.7931,,,G,U,,UMPQUA NF - TILLER RD,,,,,,,,,Benny 98,24,36,,,0,0,,,2,11/23/2020,08:00
194061520012,,,31S-1W-24 / 42.8653 -122.7693,,,G,U,,UMPQUA NF - TILLER RD,,,,,,,,,Benny 104,20,44,,,0,0,,,0,11/26/2019,08:00
194061520012,,,31S-1W-24 / 42.8653 -122.7693,,,G,U,,UMPQUA NF - TILLER RD,,,,,,,,,Benny 104,4,10,,,0,0,,,0,11/18/2020,10:00
194061520013,,,31S-1W-14 / 42.8798 -122.7931,,,G,U,,UMPQUA NF - TILLER RD,,,,,,,,,Benny 107,15,40,,,0,0,,,0,11/23/2020,08:00
194061520014,,,31S-1W-14 / 42.8798 -122.7931,,,G,U,,UMPQUA NF - TILLER RD,,,,,,,,,Benny 138,46,28,,,0,0,,,2,11/23/2020,08:00
194061520015,,,31S-1W-15 / 42.8798 -122.8130,,,G,U,,UMPQUA NF - TILLER RD,,,,,,,,,Benny 234,24,4,,,0,0,,,0,12/18/2019,10:30
194061520016,,,31S-1W-10 / 42.8942 -122.8130,,,G,U,,UMPQUA NF - TILLER RD,,,,,,,,,Benny 298,12,12,,,0,0,,,0,1/8/2020,09:00
194061520017,,,31S-1W-10 / 42.8942 -122.8130,,,G,U,,UMPQUA NF - TILLER RD,,,,,,,,,Benny 366,75,44,,,0,0,,,0,1/7/2020,09:00
194061530001,,,28S-5.5e-20 / 43.1313 -122.1501,,,H,U,,UMPQUA NF - DIAMOND LAKE RD,,,,,,,,,Summer Stew PU3,5,5,,,0,0,,,0,12/2/2019,08:30
194061530001,,,28S-5.5e-20 / 43.1313 -122.1501,,,H,U,,UMPQUA NF - DIAMOND LAKE RD,,,,,,,,,Summer Stew PU3,10,17,,,0,0,,,0,12/3/2019,08:30
194061530001,,,28S-5.5e-20 / 43.1313 -122.1501,,,H,U,,UMPQUA NF - DIAMOND LAKE RD,,,,,,,,,Summer Stew PU3,8,52,,,0,0,,,0,12/4/2019,08:00
194061530001,,,28S-5.5e-20 / 43.1313 -122.1501,,,H,U,,UMPQUA NF - DIAMOND LAKE RD,,,,,,,,,Summer Stew PU3,16,15,,,0,0,,,0,12/5/2019,08:00
194061530001,,,28S-5.5e-20 / 43.1313 -122.1501,,,H,U,,UMPQUA NF - DIAMOND LAKE RD,,,,,,,,,Summer Stew PU3,6,15,,,0,0,,,0,12/6/2019,08:00
194061530002,,,27S-4E-09 / 43.2342 -122.3506,,,H,U,,UMPQUA NF - DIAMOND LAKE RD,,,,,,,,,Watchdog,3,17,,,0,0,,,0,1/8/2020,09:00
194061530006,,,27S-3E-01 / 43.2488 -122.4095,,,L,U,,UMPQUA NF - DIAMOND LAKE RD,,,,,,,,,Toketee Pit,1,20,,,0,0,,,0,11/26/2019,08:00
194061520019,,,31s-1w-03 / 42.9091 -122.8128,,,G,U,,UMPQUA NF - TILLER RD,,,,,,,,,Victor 09,29,58,,,0,0,,,0,12/3/2019,09:00
194061520020,,,31S-1W-03 / 42.9091 -122.8128,,,G,U,,UMPQUA NF - TILLER RD,,,,,,,,,Victor 14,20,80,,,0,0,,,0,12/3/2019,10:00
194061520020,,,31S-1W-03 / 42.9091 -122.8128,,,G,U,,UMPQUA NF - TILLER RD,,,,,,,,,Victor 14,60,101,,,0,0,,,0,2/4/2019,09:00
194061520021,,,31S-1W-03 / 42.9091 -122.8128,,,G,U,,UMPQUA NF - TILLER RD,,,,,,,,,Victor 18,80,132,,,0,0,,,0,12/5/2019,10:00
194061520022,,,31S-1W-11 / 42.8942 -122.7931,,,G,U,,UMPQUA NF - TILLER RD,,,,,,,,,Victor 19,80,84,,,0,0,,,0,12/5/2019,10:00
194061520022,,,31S-1W-11 / 42.8942 -122.7931,,,G,U,,UMPQUA NF - TILLER RD,,,,,,,,,Victor 19,22,22,,,0,0,,,0,12/6/2019,10:00
194061520023,,,31S-1W-14 / 42.8798 -122.7931,,,G,U,,UMPQUA NF - TILLER RD,,,,,,,,,Victor 222,16,20,,,0,0,,,0,11/18/2020,11:00
194061520024,,,31S-1W-11 / 42.8942 -122.7931,,,G,U,,UMPQUA NF - TILLER RD,,,,,,,,,Victor 227,44,84,,,0,0,,,0,12/10/2019,11:00
194061520025,,,31S-1W-11 / 42.8942 -122.7931,,,G,U,,UMPQUA NF - TILLER RD,,,,,,,,,Victor 330,21,30,,,0,0,,,0,12/10/2019,11:00
194061520026,,,31S-1W-11 / 42.8942 -122.7931,,,G,U,,UMPQUA NF - TILLER RD,,,,,,,,,Victor 354,65,100,,,0,0,,,0,12/3/2019,09:00
194061520027,,,31S-1W-01 / 42.9092 -122.7695,,,G,U,,UMPQUA NF - TILLER RD,,,,,,,,,Victor 507,22,36,,,0,0,,,0,11/27/2019,09:00
194061520028,,,31S-1W-01 / 42.9092 -122.7695,,,G,U,,UMPQUA NF - TILLER RD,,,,,,,,,Victor 574,33,46,,,0,0,,,0,11/27/2019,09:00
194061520028,,,31S-1W-01 / 42.9092 -122.7695,,,G,U,,UMPQUA NF - TILLER RD,,,,,,,,,Victor 574,33,46,,,0,0,,,0,2/20/2020,10:30
194061520029,,,31S-1W-10 / 42.8942 -122.8130,,,G,U,,UMPQUA NF - TILLER RD,,,,,,,,,Victor 983,6,10,,,0,0,,,0,1/8/2020,09:00
194061520030,,,31S-1W-11 / 42.8942 -122.7931,,,G,U,,UMPQUA NF - TILLER RD,,,,,,,,,Victor 1020,37,153,,,0,0,,,0,12/10/2019,09:00
194061520030,,,31S-1W-11 / 42.8942 -122.7931,,,G,U,,UMPQUA NF - TILLER RD,,,,,,,,,Victor 1020,60,153,,,0,0,,,0,12/11/2019,09:00
194061520031,,,30S-2W-33 / 42.9241 -122.9518,,,H,U,,UMPQUA NF - TILLER RD,,,,,,,,,Mill Hill HPs and Burn Pile,23,20,,,0,0,,,0,9/23/2019,11:00
194061520032,,,30S-2W-33 / 42.9241 -122.9518,,,H,U,,UMPQUA NF - TILLER RD,,,,,,,,,Compound HPs and Burn Pile,3,7,,,0,0,,,0,10/16/2019,10:00
194061520033,,,29S-2W-36 / 43.0120 -122.8919,,,H,U,,UMPQUA NF - TILLER RD,,,,,,,,,Johnnie Springs Fuel Break,3,3,,,0,0,,,0,11/12/2020,12:00
194061520034,,,30S-2E-28 / 42.9321 -122.5896,,,G,U,,UMPQUA NF - TILLER RD,,,,,,,,,Falcon Piles 68,4,80,,,0,0,,,2,9/18/2019,11:00
194061520035,,,31S-1W-07 / 42.8948 -122.8730,,,H,U,,UMPQUA NF - TILLER RD,,,,,,,,,Elk 79 Unit 1,11,11,,,0,0,,,0,12/11/2019,09:00
194061520036,,,31S-1W-08 / 42.8949 -122.8532,,,H,U,,UMPQUA NF - TILLER RD,,,,,,,,,Elk 79 Unit 2,12,12,,,0,0,,,0,12/10/2019,11:00
194061520037,,,31S-1W-07 / 42.8948 -122.8730,,,H,U,,UMPQUA NF - TILLER RD,,,,,,,,,Elk 79 Unit 3,1,1,,,0,0,,,0,12/11/2019,09:00
194061520038,,,31S-1W-09 / 42.8949 -122.8333,,,H,U,,UMPQUA NF - TILLER RD,,,,,,,,,Elk 79 Unit 4,11,11,,,0,0,,,0,12/10/2019,10:00
194061520039,,,31S-2W-03 / 42.9094 -122.9320,,,H,U,,UMPQUA NF - TILLER RD,,,,,,,,,Elk 79 Unit 5,2,2,,,0,0,,,0,12/11/2019,09:00
194061520040,,,31S-2W-03 / 42.9094 -122.9320,,,H,U,,UMPQUA NF - TILLER RD,,,,,,,,,Elk 79 Unit 6,4,4,,,0,0,,,0,12/11/2019,09:00
194061520041,,,31S-2W-23 / 42.8654 -122.9127,,,H,U,,UMPQUA NF - TILLER RD,,,,,,,,,Elk 79 Unit 7,4,4,,,0,0,,,0,12/11/2019,09:00
194061520042,,,31S-1w-17 / 42.8801 -122.8533,,,H,U,,UMPQUA NF - TILLER RD,,,,,,,,,Elk 79 Unit 8,12,12,,,0,0,,,0,12/10/2019,12:00
194061520043,,,31S-1W-18 / 42.8800 -122.8730,,,H,U,,UMPQUA NF - TILLER RD,,,,,,,,,Elk 79 Unit 9,6,6,,,0,0,,,0,12/11/2019,09:00
194061520044,,,31S-1W-15 / 42.8798 -122.8130,,,H,U,,UMPQUA NF - TILLER RD,,,,,,,,,Elk 79 Unit 10,16,16,,,0,0,,,0,12/10/2019,09:00
194061520045,,,30S-2E-28 / 42.9321 -122.5896,,,H,U,,UMPQUA NF - TILLER RD,,,,,,,,,Falcon Piles 68,0,0,,,0,0,,,0,10/10/2019,10:00
194061520045,,,30S-2E-28 / 42.9321 -122.5896,,,H,U,,UMPQUA NF - TILLER RD,,,,,,,,,Falcon Piles 68,25,30,,,0,0,,,0,10/15/2019,10:00
194061530008,,,26S-5E-36 / 43.2636 -122.1772,,,H,U,,UMPQUA NF - DIAMOND LAKE RD,,,,,,,,,Sandsand Piles,2,5,,,0,0,,,0,10/2/2019,10:30
194061530008,,,26S-5E-36 / 43.2636 -122.1772,,,H,U,,UMPQUA NF - DIAMOND LAKE RD,,,,,,,,,Sandsand Piles,5,25,,,0,0,,,0,10/3/2019,08:30
194061530008,,,26S-5E-36 / 43.2636 -122.1772,,,H,U,,UMPQUA NF - DIAMOND LAKE RD,,,,,,,,,Sandsand Piles,1,5,,,0,0,,,0,10/8/2019,09:00
194061530008,,,26S-5E-36 / 43.2636 -122.1772,,,H,U,,UMPQUA NF - DIAMOND LAKE RD,,,,,,,,,Sandsand Piles,2,7,,,0,0,,,0,10/9/2019,09:00
194061530008,,,26S-5E-36 / 43.2636 -122.1772,,,H,U,,UMPQUA NF - DIAMOND LAKE RD,,,,,,,,,Sandsand Piles,2,10,,,0,0,,,0,10/15/2019,09:00
194061530008,,,26S-5E-36 / 43.2636 -122.1772,,,H,U,,UMPQUA NF - DIAMOND LAKE RD,,,,,,,,,Sandsand Piles,5,91,,,0,0,,,0,12/11/2019,08:00
194061560002,,,26S-1E-06 / 43.3363 -122.7455,,,H,U,,UMPQUA NF - NORTH UMPQUA RD,,,,,,,,,Steamboat HB,1,10,,,0,0,,,0,12/5/2019,10:00
194061520046,,,30S-1E-28 / 42.9320 -122.7064,,,G,U,,UMPQUA NF - TILLER RD,,,,,,,,,SUC 2925,20,45,,,0,0,,,0,10/17/2019,10:00
191564430601,,,26S-2E-05 / 43.3363 -122.6075,,,G,U,,UMPQUA NF - NORTH UMPQUA RD,,,,,,,,,Jack 16 MP,1,65,,,0,0,,,0,10/18/2019,09:00
191564430601,,,26S-2E-05 / 43.3363 -122.6075,,,G,U,,UMPQUA NF - NORTH UMPQUA RD,,,,,,,,,Jack 16 MP,20,65,,,0,0,,,0,12/10/2019,09:00
194061520047,,,32S-2W-22 / 42.7745 -122.9223,,,G,U,,UMPQUA NF - TILLER RD,,,,,,,,,Snowshoe Piles,25,25,,,0,0,,,0,2/5/2020,09:00
204061520002,,,31S-1W-01 / 42.9092 -122.7695,,,G,U,,UMPQUA NF - TILLER RD,,,,,,,,,Victor 507,22,39,,,0,0,,,0,2/20/2020,10:30
204061520003,,,32S-2W-22 / 42.7745 -122.9223,,,G,U,,UMPQUA NF - TILLER RD,,,,,,,,,Snowshoe,13,20,,,0,0,,,0,2/25/2020,10:30
204061520003,,,32S-2W-22 / 42.7745 -122.9223,,,G,U,,UMPQUA NF - TILLER RD,,,,,,,,,Snowshoe,5,40,,,0,0,,,0,11/17/2020,10:00
204061560001,,,25S-1E-28 / 43.3716 -122.6920,,,H,U,,UMPQUA NF - NORTH UMPQUA RD,,,,,,,,,Steamboat RS,6,9,,,,,,,,2/1/2021,09:00
204061520004,,,27S-1E-08 / 43.2349 -122.7259,,,G,U,,UMPQUA NF - TILLER RD,,,,,,,,,Yakso 103,1,1,,,0,0,,,0,11/9/2020,10:00
204061520005,,,27S-1E-08 / 43.2349 -122.7259,,,G,U,,UMPQUA NF - TILLER RD,,,,,,,,,Yakso 105,1,1,,,0,0,,,0,11/9/2020,10:00
204061520006,,,27S-1E-16 / 43.2205 -122.7062,,,G,U,,UMPQUA NF - TILLER RD,,,,,,,,,Yakso 108,1,1,,,0,0,,,0,11/9/2020,10:00
204061520007,,,27S-1E-16 / 43.2205 -122.7062,,,G,U,,UMPQUA NF - TILLER RD,,,,,,,,,Yakso 108i,1,1,,,0,0,,,0,11/9/2020,10:00
204061520008,,,27S-1E-06 / 43.2492 -122.7459,,,G,U,,UMPQUA NF - TILLER RD,,,,,,,,,Yakso 140 and 140i,1,1,,,0,0,,,0,11/9/2020,10:00
204061520009,,,27S-1E-08 / 43.2349 -122.7259,,,G,U,,UMPQUA NF - TILLER RD,,,,,,,,,Yakso 102,1,1,,,0,0,,,0,11/9/2020,10:00
204061520010,,,27S-1E-05 / 43.2492 -122.7262,,,G,U,,UMPQUA NF - TILLER RD,,,,,,,,,Yakso 144 and 144i and 144ii,1,1,,,0,0,,,0,11/5/2020,10:30
204061520010,,,27S-1E-05 / 43.2492 -122.7262,,,G,U,,UMPQUA NF - TILLER RD,,,,,,,,,Yakso 144 and 144i and 144ii,1,1,,,0,0,,,0,11/9/2020,10:00
204061520011,,,27S-1E-16 / 43.2205 -122.7062,,,G,U,,UMPQUA NF - TILLER RD,,,,,,,,,Yakso 112,1,1,,,0,0,,,0,11/9/2020,10:00
204061520012,,,27S-1E-05 / 43.2492 -122.7262,,,G,U,,UMPQUA NF - TILLER RD,,,,,,,,,Yakso 100,1,1,,,0,0,,,0,11/9/2020,10:00
204061520013,,,27S-1E-10 / 43.2350 -122.6866,,,G,U,,UMPQUA NF - TILLER RD,,,,,,,,,Yakso 107,1,1,,,0,0,,,0,11/9/2020,10:00
204061520014,,,27S-1E-21 / 43.2059 -122.7061,,,G,U,,UMPQUA NF - TILLER RD,,,,,,,,,Yakso 116,1,1,,,0,0,,,0,11/9/2020,10:00
204061520015,,,27S-1E-28 / 43.1915 -122.7062,,,G,U,,UMPQUA NF - TILLER RD,,,,,,,,,Yakso 125 and 125i,2,1,,,0,0,,,0,11/9/2020,10:00
204061520016,,,27S-1E-09 / 43.2349 -122.7063,,,G,U,,UMPQUA NF - TILLER RD,,,,,,,,,Yakso 101 and 101i,1,1,,,0,0,,,0,11/9/2020,10:00
204061520017,,,27S-1E-15 / 43.2204 -122.6866,,,G,U,,UMPQUA NF - TILLER RD,,,,,,,,,Yakso 114,1,1,,,0,0,,,0,11/9/2020,10:00
204061520018,,,27S-1E-07 / 43.2348 -122.7459,,,G,U,,UMPQUA NF - TILLER RD,,,,,,,,,Yakso 136,1,1,,,0,0,,,0,11/9/2020,10:00
204061520026,,,32S-1W-07 / 42.8035 -122.8636,,,H,U,,UMPQUA NF - TILLER RD,,,,,,,,,Elk JC 11,3,19,,,0,0,,,0,11/19/2020,09:00
204061520028,,,31S-1W-07 / 42.8948 -122.8730,,,H,U,,UMPQUA NF - TILLER RD,,,,,,,,,Elk JC 13,9,61,,,0,0,,,0,11/18/2020,12:00
204061520029,,,32S-2W-10 / 42.8036 -122.9220,,,H,U,,UMPQUA NF - TILLER RD,,,,,,,,,Elk JC 17,141,939,,,0,0,,,0,11/13/2020,08:00
204061520030,,,32S-1W-07 / 42.8035 -122.8636,,,H,U,,UMPQUA NF - TILLER RD,,,,,,,,,Elk JC 18,4,203,,,0,0,,,0,11/18/2020,12:00
204061520030,,,32S-1W-07 / 42.8035 -122.8636,,,H,U,,UMPQUA NF - TILLER RD,,,,,,,,,Elk JC 18,26,180,,,0,0,,,0,11/19/2020,08:00
204061520031,,,31S-1W-27 / 42.8506 -122.8133,,,H,U,,UMPQUA NF - TILLER RD,,,,,,,,,Elk JC 19,69,459,,,0,0,,,0,11/18/2020,07:00
204061520032,,,32S-2W-15 / 42.7890 -122.9221,,,H,U,,UMPQUA NF - TILLER RD,,,,,,,,,Elk JC 20,200,1538,,,0,0,,,0,11/16/2020,08:00
204061520032,,,32S-2W-15 / 42.7890 -122.9221,,,H,U,,UMPQUA NF - TILLER RD,,,,,,,,,Elk JC 20,31,1538,,,0,0,,,0,11/13/2020,09:00
204061520033,,,31S-2W-12 / 42.8947 -122.8926,,,H,U,,UMPQUA NF - TILLER RD,,,,,,,,,Elk JC 21,47,310,,,0,0,,,0,11/18/2020,07:00
204061520034,,,31S-2W-12 / 42.8947 -122.8926,,,H,U,,UMPQUA NF - TILLER RD,,,,,,,,,Elk JC 22,17,113,,,0,0,,,0,11/18/2020,07:00
204061520035,,,30S-2W-33 / 42.9241 -122.9518,,,H,U,,UMPQUA NF - TILLER RD,,,,,,,,,Elk JC 24,1,5,,,0,0,,,0,11/18/2020,07:00
204061520036,,,31S-2W-12 / 42.8947 -122.8926,,,H,U,,UMPQUA NF - TILLER RD,,,,,,,,,Elk JC 26,13,85,,,0,0,,,0,11/18/2020,07:00
204061520037,,,31S-2W-12 / 42.8947 -122.8926,,,H,U,,UMPQUA NF - TILLER RD,,,,,,,,,Elk JC 27,38,250,,,0,0,,,0,11/18/2020,07:00
204061520039,,,26S-2E-32 / 43.2637 -122.6074,,,G,U,,UMPQUA NF - TILLER RD,,,,,,,,,Happy Dog Suppression Piles,25,18,,,0,0,,,0,11/10/2020,10:00
204061520040,,,31S-1W-25 / 42.8507 -122.7693,,,G,U,,UMPQUA NF - TILLER RD,,,,,,,,,1610/2925,5,26,,,0,0,,,0,11/16/2020,11:00
204061520041,,,29S-1W-03 / 43.0844 -122.8131,,,L,U,,UMPQUA NF - TILLER RD,,,,,,,,,Ash C Salvage 11,25,266,,,0,0,,,0,11/9/2020,10:00
204061520045,,,29S-2E-27 / 43.0183 -122.5690,,,L,U,,UMPQUA NF - TILLER RD,,,,,,,,,Ash B Salvage 7,6,85,,,0,0,,,0,11/10/2020,10:00
204061520046,,,29S-2E-27 / 43.0183 -122.5690,,,L,U,,UMPQUA NF - TILLER RD,,,,,,,,,Ash B Salvage 8,8,113,,,0,0,,,2,11/12/2020,10:00
204061520047,,,29S-2E-28 / 43.0183 -122.5887,,,L,U,,UMPQUA NF - TILLER RD,,,,,,,,,Ash B Salvage 6,12,170,,,0,0,,,2,11/12/2020,10:30
204061520048,,,29S-2E-28 / 43.0183 -122.5887,,,L,U,,UMPQUA NF - TILLER RD,,,,,,,,,Ash B Salvage 5,4,57,,,0,0,,,2,11/12/2020,11:00
204061520049,,,30S-2E-10 / 42.9756 -122.5698,,,L,U,,UMPQUA NF - TILLER RD,,,,,,,,,Ash A Salvage 1,21,298,,,0,0,,,0,11/10/2020,10:00
204061520050,,,30S-2E-10 / 42.9756 -122.5698,,,L,U,,UMPQUA NF - TILLER RD,,,,,,,,,Ash A Salvage 2,24,341,,,0,0,,,0,11/10/2020,10:00
204061520051,,,30S-2E-03 / 42.9913 -122.5697,,,L,U,,UMPQUA NF - TILLER RD,,,,,,,,,Ash A Salvage 3,15,213,,,0,0,,,0,11/10/2020,10:00
204061520052,,,30S-2E-10 / 42.9756 -122.5698,,,L,U,,UMPQUA NF - TILLER RD,,,,,,,,,Ash A Salvage 4,7,99,,,0,0,,,0,11/10/2020,10:00
204061520053,,,30S-2E-02 / 42.9914 -122.5499,,,L,U,,UMPQUA NF - TILLER RD,,,,,,,,,Ash A Salvage 13,11,156,,,0,0,,,0,11/10/2020,10:00
204061520054,,,30S-2E-10 / 42.9756 -122.5698,,,L,U,,UMPQUA NF - TILLER RD,,,,,,,,,Ash A Salvage 19,7,99,,,0,0,,,0,11/10/2020,10:00
211532464101,,,27S-6E-8 / 43.2350 -122.1420,,,L,U,,UMPQUA NF - DIAMOND LAKE RD,,,,,,,,,Lagoon,2,140,,,,,,,,2/17/2021,10:00
211532464101,,,27S-6E-8 / 43.2350 -122.1420,,,L,U,,UMPQUA NF - DIAMOND LAKE RD,,,,,,,,,Lagoon,5,350,,,,,,,,2/18/2021,10:00
211532464101,,,27S-6E-8 / 43.2350 -122.1420,,,L,U,,UMPQUA NF - DIAMOND LAKE RD,,,,,,,,,Lagoon,1,65,,,,,,,,2/25/2021,14:00
221533901801,,,26S-5E-35 / 43.2560 -122.1990,,,L,U,,UMPQUA NF - DIAMOND LAKE RD,,,,,,,,,Delay 115LG,32,1060,,,,,,,,4/10/2023,11:00
224061530000,,,28S-5E-13 / 43.2350 -122.1420,,,G,U,,UMPQUA NF - DIAMOND LAKE RD,,,,,,,,,Summer GP,2,18,,,,,,,,11/8/2022,11:30
224061530003,,,37S-6E-29 / 42.1590 -122.1370,,,L,U,,UMPQUA NF - DIAMOND LAKE RD,,,,,,,,,DL Ball Field,1,350,,,,,,,,11/8/2022,14:45
224061530004,,,27S-3E-1 / 43.2560 -122.4030,,,L,U,,UMPQUA NF - DIAMOND LAKE RD,,,,,,,,,Toketee Burn Pit,2,190,,,,,,,,4/11/2023,12:00
224061530005,,,26S-2E-36 / 43.2590 -122.5210,,,L,U,,UMPQUA NF - DIAMOND LAKE RD,,,,,,,,,Foster Pit,2,130,,,,,,,,1/31/2023,12:00
224061530006,,,26S-6E-31 / 43.2650 -122.1510,,,L,U,,UMPQUA NF - DIAMOND LAKE RD,,,,,,,,,60 ROAD,1,51,,,,,,,,11/8/2022,12:45
224066150205,,,29S-1W-15 / 43.0557 -122.8166,,,G,U,,UMPQUA NF - TILLER RD,,,,,,,,,Devils Knob Complex,43,80,,,,,,,,11/7/2022,11:00
224066150206,,,31S-1E-17 / 42.8701 -122.7246,,,L,U,,UMPQUA NF - TILLER RD,,,,,,,,,Devils Knob Complex Landings,11,63,,,,,,,,11/8/2022,11:00
224066150203,,,30S-2W-13 / 42.9641 -122.8880,,,H,U,,UMPQUA NF - TILLER RD,,,,,,,,,3C Rock,15,15,,,,,,,,12/12/2022,10:00
224066150203,,,30S-2W-13 / 42.9641 -122.8880,,,H,U,,UMPQUA NF - TILLER RD,,,,,,,,,3C Rock,4,4,,,,,,,,4/11/2023,10:00
224066150203,,,30S-2W-13 / 42.9641 -122.8880,,,H,U,,UMPQUA NF - TILLER RD,,,,,,,,,3C Rock,6,6,,,,,,,,4/18/2023,10:00
224066150201,,,30S-2W-33 / 42.9286 -122.9451,,,H,U,,UMPQUA NF - TILLER RD,,,,,,,,,Tiller 12 Admin,17,20,,,,,,,,2/13/2023,10:10
224066150201,,,30S-2W-33 / 42.9286 -122.9451,,,H,U,,UMPQUA NF - TILLER RD,,,,,,,,,Tiller 12 Admin,1,1,,,,,,,,2/23/2023,10:00
224066150201,,,30S-2W-33 / 42.9286 -122.9451,,,H,U,,UMPQUA NF - TILLER RD,,,,,,,,,Tiller 12 Admin,1,1,,,,,,,,4/18/2023,10:00
224066150201,,,30S-2W-33 / 42.9286 -122.9451,,,H,U,,UMPQUA NF - TILLER RD,,,,,,,,,Tiller 12 Admin,1,1,,,,,,,,4/19/2023,12:00
224066150202,,,30S-2W-33 / 42.9307 -122.9492,,,H,U,,UMPQUA NF - TILLER RD,,,,,,,,,Mill Hill,4,4,,,,,,,,3/9/2023,09:30
224066150202,,,30S-2W-33 / 42.9307 -122.9492,,,H,U,,UMPQUA NF - TILLER RD,,,,,,,,,Mill Hill,10,10,,,,,,,,4/4/2023,10:00
224066150202,,,30S-2W-33 / 42.9307 -122.9492,,,H,U,,UMPQUA NF - TILLER RD,,,,,,,,,Mill Hill,16,16,,,,,,,,4/5/2023,10:00
224066150202,,,30S-2W-33 / 42.9307 -122.9492,,,H,U,,UMPQUA NF - TILLER RD,,,,,,,,,Mill Hill,2,2,,,,,,,,2/13/2023,10:00
224066150202,,,30S-2W-33 / 42.9307 -122.9492,,,H,U,,UMPQUA NF - TILLER RD,,,,,,,,,Mill Hill,3,3,,,,,,,,2/23/2023,10:00
234066150601,,,25S-2E-31 / 43.3560 -122.7310,,,L,U,,UMPQUA NF - NORTH UMPQUA RD,,,,,,,,,Bloody Pit,1,21,,,,,,,,3/7/2023,12:00
234066150602,,,26S-2E-21 / 43.2940 -122.5930,,,H,U,,UMPQUA NF - NORTH UMPQUA RD,,,,,,,,,Flat Piles Rd 4760,3,18,,,,,,,,3/8/2023,10:00
County Total:,,,,,,,,,,,,,,,,,,,9649,84502,,,,,,,,,
Lane,,,,,,,,,,,,,,,,,,,,,,,,,,,,,
124061510001,,,21S-1E-24 / 43.7302 -122.6370,,,B,U,,UMPQUA NF - COTTAGE GROVE RD,,,,,,,,,MOONSALT-18         ,15,660,,,11,25,,,15,5/15/2012,10:00
124061510001,,,21S-1E-24 / 43.7302 -122.6370,,,B,U,,UMPQUA NF - COTTAGE GROVE RD,,,,,,,,,MOONSALT-18         ,15,660,,,11,25,,,16,5/16/2012,11:00
124061510002,,,22S-2E-31 / 43.6190 -122.6180,,,H,U,,UMPQUA NF - COTTAGE GROVE RD,,,,,,,,,NOONDAY-WAGON-TRAIL ,10,10,,,0,0,,,0,10/15/2012,10:00
124061510003,,,22S-2E-16 / 43.6626 -122.5790,,,H,U,,UMPQUA NF - COTTAGE GROVE RD,,,,,,,,,HOLLAND-POINT       ,12,12,,,0,0,,,0,10/19/2012,10:00
124061510004,,,21S-1E-28 / 43.7157 -122.6970,,,H,U,,UMPQUA NF - COTTAGE GROVE RD,,,,,,,,,DESSERT-25          ,56,56,,,0,0,,,0,10/23/2012,10:00
124061510005,,,21S-1E-21 / 43.7302 -122.6970,,,H,U,,UMPQUA NF - COTTAGE GROVE RD,,,,,,,,,DESSERT-23          ,36,100,,,0,0,,,0,10/23/2012,10:00
124061510005,,,21S-1E-21 / 43.7302 -122.6970,,,H,U,,UMPQUA NF - COTTAGE GROVE RD,,,,,,,,,DESSERT-23          ,20,200,,,0,0,,,0,10/24/2012,10:00
124061510005,,,21S-1E-21 / 43.7302 -122.6970,,,H,U,,UMPQUA NF - COTTAGE GROVE RD,,,,,,,,,DESSERT-23          ,5,50,,,0,0,,,0,10/19/2012,12:00
124061510006,,,21S-1E-21 / 43.7302 -122.6970,,,H,U,,UMPQUA NF - COTTAGE GROVE RD,,,,,,,,,DESSERT-24          ,10,10,,,0,0,,,0,10/23/2012,10:00
124061510006,,,21S-1E-21 / 43.7302 -122.6970,,,H,U,,UMPQUA NF - COTTAGE GROVE RD,,,,,,,,,DESSERT-24          ,5,5,,,0,0,,,0,10/19/2012,10:00
124061510006,,,21S-1E-21 / 43.7302 -122.6970,,,H,U,,UMPQUA NF - COTTAGE GROVE RD,,,,,,,,,DESSERT-24          ,20,50,,,0,0,,,0,10/18/2012,10:00
124061510006,,,21S-1E-21 / 43.7302 -122.6970,,,H,U,,UMPQUA NF - COTTAGE GROVE RD,,,,,,,,,DESSERT-24          ,8,50,,,0,0,,,0,10/22/2012,10:00
124061510007,,,21S-1E-27 / 43.7158 -122.6770,,,H,U,,UMPQUA NF - COTTAGE GROVE RD,,,,,,,,,DESSERT-26          ,44,44,,,0,0,,,0,10/17/2012,10:00
124061510008,,,22S-1E-11 / 43.6739 -122.6570,,,L,U,,UMPQUA NF - COTTAGE GROVE RD,,,,,,,,,DINNER-10           ,10,40,,,0,0,,,0,10/22/2012,10:00
124061510009,,,21S-1E-24 / 43.7302 -122.6370,,,H,U,,UMPQUA NF - COTTAGE GROVE RD,,,,,,,,,SALTY-TIMBER-SALE   ,20,20,,,0,0,,,0,10/22/2012,10:00
124061510010,,,21S-1E-24 / 43.7302 -122.6370,,,G,U,,UMPQUA NF - COTTAGE GROVE RD,,,,,,,,,SALTY-TIMBER-SALE   ,20,200,,,0,0,,,0,10/20/2012,10:00
124061510011,,,21S-1E-17 / 43.7445 -122.7160,,,H,U,,UMPQUA NF - COTTAGE GROVE RD,,,,,,,,,CURRAN-6H           ,15,15,,,0,0,,,0,10/24/2012,10:00
124061510012,,,21S-1E-17 / 43.7445 -122.7160,,,L,U,,UMPQUA NF - COTTAGE GROVE RD,,,,,,,,,CURRAN-7H           ,22,25,,,0,0,,,0,10/24/2012,10:00
124061510013,,,21S-1E-17 / 43.7445 -122.7160,,,H,U,,UMPQUA NF - COTTAGE GROVE RD,,,,,,,,,CURRAN-8H           ,6,6,,,0,0,,,0,10/24/2012,10:00
124061510014,,,21S-1E-17 / 43.7445 -122.7160,,,H,U,,UMPQUA NF - COTTAGE GROVE RD,,,,,,,,,CURRAN-9            ,12,12,,,0,0,,,0,10/24/2012,10:00
124061510015,,,21S-1E-17 / 43.7445 -122.7160,,,G,U,,UMPQUA NF - COTTAGE GROVE RD,,,,,,,,,CURRAN-10           ,12,15,,,0,0,,,0,10/24/2012,10:00
124061510017,,,21S-1E-17 / 43.7445 -122.7160,,,G,U,,UMPQUA NF - COTTAGE GROVE RD,,,,,,,,,CURRAN-13S          ,27,27,,,0,0,,,0,10/29/2012,10:00
124061510019,,,21S-1E-17 / 43.7445 -122.7160,,,H,U,,UMPQUA NF - COTTAGE GROVE RD,,,,,,,,,CURRAN-15           ,11,11,,,0,0,,,0,10/30/2012,10:00
134061510001,,,21s-1e-5 / 43.7730 -122.7160,,,U,U,,UMPQUA NF - COTTAGE GROVE RD,,,,,,,,,CURRAN-6H-8H        ,15,630,,,7,20,,,30,5/3/2013,10:00
134061510001,,,21s-1e-5 / 43.7730 -122.7160,,,U,U,,UMPQUA NF - COTTAGE GROVE RD,,,,,,,,,CURRAN-6H-8H        ,6,252,,,7,20,,,30,5/2/2013,12:00
134061510002,,,21S-1E-11 / 43.7590 -122.6570,,,U,U,,UMPQUA NF - COTTAGE GROVE RD,,,,,,,,,SALTY-2             ,25,1075,,,7,20,,,30,5/3/2013,11:00
134061510003,,,21S-1E-13 / 43.7447 -122.6370,,,U,U,,UMPQUA NF - COTTAGE GROVE RD,,,,,,,,,SALTY-7             ,40,1560,,,8,20,,,30,5/4/2013,10:00
134061510008,,,22S-2E-16 / 43.6626 -122.5790,,,H,U,,UMPQUA NF - COTTAGE GROVE RD,,,,,,,,,HOLLAND-PT-PILE-BURN,15,100,,,20,40,,,7,9/20/2013,10:00
134061510004,,,21S-1E-18 / 43.7443 -122.7360,,,G,U,,UMPQUA NF - COTTAGE GROVE RD,,,,,,,,,CURRAN-PILE-BURN    ,20,1620,,,0,0,,,0,11/7/2013,10:00
134061510004,,,21S-1E-18 / 43.7443 -122.7360,,,G,U,,UMPQUA NF - COTTAGE GROVE RD,,,,,,,,,CURRAN-PILE-BURN    ,5,30,,,0,26,,,0,9/27/2013,10:00
134061510004,,,21S-1E-18 / 43.7443 -122.7360,,,G,U,,UMPQUA NF - COTTAGE GROVE RD,,,,,,,,,CURRAN-PILE-BURN    ,20,500,,,0,0,,,2,11/12/2013,09:00
134061510005,,,21S-1E-6 / 43.7728 -122.7360,,,G,U,,UMPQUA NF - COTTAGE GROVE RD,,,,,,,,,JUNETTA-PILE-BURN   ,4,50,,,0,0,,,1,9/26/2013,11:00
134061510005,,,21S-1E-6 / 43.7728 -122.7360,,,G,U,,UMPQUA NF - COTTAGE GROVE RD,,,,,,,,,JUNETTA-PILE-BURN   ,10,100,,,0,0,,,14,10/29/2013,10:00
134061510005,,,21S-1E-6 / 43.7728 -122.7360,,,G,U,,UMPQUA NF - COTTAGE GROVE RD,,,,,,,,,JUNETTA-PILE-BURN   ,50,350,,,0,0,,,0,10/28/2014,10:00
134061510006,,,21S-1E-13 / 43.7447 -122.6370,,,L,U,,UMPQUA NF - COTTAGE GROVE RD,,,,,,,,,MOONSALT-PILE-BURN  ,15,30,,,0,0,,,0,10/27/2014,09:00
134061510006,,,21S-1E-13 / 43.7447 -122.6370,,,L,U,,UMPQUA NF - COTTAGE GROVE RD,,,,,,,,,MOONSALT-PILE-BURN  ,5,500,,,0,0,,,0,10/29/2014,10:00
134061510006,,,21S-1E-13 / 43.7447 -122.6370,,,L,U,,UMPQUA NF - COTTAGE GROVE RD,,,,,,,,,MOONSALT-PILE-BURN  ,15,15,,,0,0,,,0,10/28/2014,10:00
134061510007,,,21S-2E-33 / 43.7041 -122.5790,,,G,U,,UMPQUA NF - COTTAGE GROVE RD,,,,,,,,,HOLLAND-29-PILE-BURN,1,13,,,0,0,,,0,11/6/2013,10:00
134061510009,,,22S-1E-12 / 43.6739 -122.6370,,,G,U,,UMPQUA NF - COTTAGE GROVE RD,,,,,,,,,DINNER-PILE-BURN    ,25,200,,,0,0,,,1,10/14/2014,10:00
134061510009,,,22S-1E-12 / 43.6739 -122.6370,,,G,U,,UMPQUA NF - COTTAGE GROVE RD,,,,,,,,,DINNER-PILE-BURN    ,40,1500,,,0,0,,,0,11/6/2013,12:00
131515818801,,,21S-1E-5 / 43.7730 -122.7160,,,L,U,,UMPQUA NF - COTTAGE GROVE RD,,,,,,,,,JUNETTA-PILES-UNIT-1,5,22,,,0,0,,,1,11/4/2013,10:00
131515818802,,,21S-1E-5 / 43.7730 -122.7160,,,L,U,,UMPQUA NF - COTTAGE GROVE RD,,,,,,,,,JUNETTA-PILES-UNIT-3,3,11,,,0,0,,,1,11/4/2013,11:00
131515818803,,,21S-1E-5 / 43.7730 -122.7160,,,L,U,,UMPQUA NF - COTTAGE GROVE RD,,,,,,,,,JUNETTA-PILES-UNIT-4,4,18,,,0,0,,,1,11/4/2013,13:00
131515818804,,,21S-1E-5 / 43.7730 -122.7160,,,H,U,,UMPQUA NF - COTTAGE GROVE RD,,,,,,,,,JUNETTA-PILES-UNIT-5,70,144,,,0,0,,,0,11/5/2013,10:00
144061510001,,,22S-1E-2 / 43.6876 -122.6570,,,U,U,,UMPQUA NF - COTTAGE GROVE RD,,,,,,,,,DINNER-10           ,8,248,,,9,20,,,20,1/22/2014,13:00
144061510001,,,22S-1E-2 / 43.6876 -122.6570,,,U,U,,UMPQUA NF - COTTAGE GROVE RD,,,,,,,,,DINNER-10           ,22,682,,,7,18,,,20,1/25/2014,12:00
144061510002,,,22S-1E-12 / 43.6739 -122.6370,,,U,U,,UMPQUA NF - COTTAGE GROVE RD,,,,,,,,,DINNER-22           ,27,891,,,7,19,,,23,1/26/2014,12:00
144061510003,,,20S-1E-31 / 43.7876 -122.7360,,,U,U,,UMPQUA NF - COTTAGE GROVE RD,,,,,,,,,JUNETTA-4           ,20,220,,,10,20,,,7,4/14/2014,12:00
144061510003,,,20S-1E-31 / 43.7876 -122.7360,,,U,U,,UMPQUA NF - COTTAGE GROVE RD,,,,,,,,,JUNETTA-4           ,29,551,,,11,18,,,9,4/15/2014,11:00
144061510004,,,20S-1E-31 / 43.7876 -122.7360,,,U,U,,UMPQUA NF - COTTAGE GROVE RD,,,,,,,,,JUNETTA-1           ,14,140,,,11,18,,,11,4/16/2014,11:00
144061510005,,,21S-1E-13 / 43.7447 -122.6370,,,U,U,,UMPQUA NF - COTTAGE GROVE RD,,,,,,,,,MOONSALT-14         ,24,600,,,9,14,,,8,6/5/2014,12:00
144061510006,,,22S-1E-12 / 43.6739 -122.6370,,,U,U,,UMPQUA NF - COTTAGE GROVE RD,,,,,,,,,DINNER-21-2         ,22,484,,,10,15,,,10,6/8/2014,10:00
144061510007,,,22S-1E-5 / 43.6870 -122.7160,,,N,U,,UMPQUA NF - COTTAGE GROVE RD,,,,,,,,,DINNER-5            ,20,400,,,10,16,,,10,6/8/2014,10:00
144061510007,,,22S-1E-5 / 43.6870 -122.7160,,,N,U,,UMPQUA NF - COTTAGE GROVE RD,,,,,,,,,DINNER-5            ,10,200,,,9,18,,,11,6/7/2014,11:00
144061510007,,,22S-1E-5 / 43.6870 -122.7160,,,N,U,,UMPQUA NF - COTTAGE GROVE RD,,,,,,,,,DINNER-5            ,20,400,,,9,15,,,9,6/6/2014,11:00
144061510008,,,22S-1E-10 / 43.6741 -122.6770,,,N,U,,UMPQUA NF - COTTAGE GROVE RD,,,,,,,,,DINNER-13           ,27,540,,,12,27,,,12,10/9/2014,10:00
144061510009,,,22S-1E-11 / 43.6739 -122.6570,,,N,U,,UMPQUA NF - COTTAGE GROVE RD,,,,,,,,,DINNER-20           ,15,300,,,12,27,,,12,10/9/2014,10:00
144061510010,,,21S-1E-35 / 43.7014 -122.6570,,,G,U,,UMPQUA NF - COTTAGE GROVE RD,,,,,,,,,DORIS-PILE-BURN     ,38,238,,,0,0,,,0,10/29/2014,10:00
144061510011,,,22S-1E-19 / 43.6447 -122.7350,,,G,U,,UMPQUA NF - COTTAGE GROVE RD,,,,,,,,,GUMBO-PILE-BURN     ,16,200,,,0,0,,,0,11/25/2014,09:00
144061510012,,,21S-2E-9 / 43.7598 -122.5780,,,G,U,,UMPQUA NF - COTTAGE GROVE RD,,,,,,,,,HOLLAND-PILE-BURN   ,10,175,,,0,0,,,0,10/28/2014,10:00
144061510012,,,21S-2E-9 / 43.7598 -122.5780,,,G,U,,UMPQUA NF - COTTAGE GROVE RD,,,,,,,,,HOLLAND-PILE-BURN   ,10,175,,,0,0,,,0,10/27/2014,12:00
144061510013,,,21S-1E-19 / 43.7299 -122.7360,,,L,U,,UMPQUA NF - COTTAGE GROVE RD,,,,,,,,,UPTON-PILE-BURN     ,25,250,,,0,0,,,0,10/28/2014,10:00
144061510014,,,22S-2E-31 / 43.6190 -122.6180,,,G,U,,UMPQUA NF - COTTAGE GROVE RD,,,,,,,,,WILT-PILE-BURN      ,20,325,,,0,0,,,0,10/28/2014,10:00
144061510014,,,22S-2E-31 / 43.6190 -122.6180,,,G,U,,UMPQUA NF - COTTAGE GROVE RD,,,,,,,,,WILT-PILE-BURN      ,5,150,,,0,0,,,0,10/29/2014,10:00
144061510015,,,22S-1E-3 / 43.6877 -122.6770,,,H,U,,UMPQUA NF - COTTAGE GROVE RD,,,,,,,,,DINNER-PILE         ,15,130,,,0,0,,,0,10/22/2014,09:00
144061510015,,,22S-1E-3 / 43.6877 -122.6770,,,H,U,,UMPQUA NF - COTTAGE GROVE RD,,,,,,,,,DINNER-PILE         ,60,450,,,0,0,,,0,10/28/2014,10:00
144061510015,,,22S-1E-3 / 43.6877 -122.6770,,,H,U,,UMPQUA NF - COTTAGE GROVE RD,,,,,,,,,DINNER-PILE         ,30,225,,,0,0,,,0,10/23/2014,09:00
154061510001,,,21S-1E-5 / 43.7730 -122.7160,,,B,U,,UMPQUA NF - COTTAGE GROVE RD,,,,,,,,,JUNETTA-68          ,40,840,,,12,99,,,12,1/29/2015,10:00
154061510001,,,21S-1E-5 / 43.7730 -122.7160,,,B,U,,UMPQUA NF - COTTAGE GROVE RD,,,,,,,,,JUNETTA-68          ,12,252,,,12,15,,,13,1/30/2015,10:00
154061510002,,,210S-010E-14 / 43.7453 -122.6569,,,B,U,,UMPQUA NF - COTTAGE GROVE RD,,,,,,,,,Moonsalt 16,2,30,,,12,15,,,12,5/8/2015,12:00
154061510002,,,210S-010E-14 / 43.7453 -122.6569,,,B,U,,UMPQUA NF - COTTAGE GROVE RD,,,,,,,,,Moonsalt 16,28,700,,,9,12,,,10,5/24/2017,04:00
15151151XX03,,,21S-20E-30 / 43.7204 -120.3680,,,G,U,,UMPQUA NF - COTTAGE GROVE RD,,,,,,,,,HOLLAND-PILES       ,9,90,,,0,0,,,0,10/19/2016,13:00
154061510003,,,21S-1E-19 / 43.7299 -122.7360,,,G,U,,UMPQUA NF - COTTAGE GROVE RD,,,,,,,,,ENGINEUPTONCABOOSE  ,60,1176,,,0,0,,,0,12/2/2015,10:00
154061510003,,,21S-1E-19 / 43.7299 -122.7360,,,G,U,,UMPQUA NF - COTTAGE GROVE RD,,,,,,,,,ENGINEUPTONCABOOSE  ,60,1176,,,0,0,,,0,12/1/2015,11:00
154061510004,,,21S-1E-13 / 43.7447 -122.6370,,,G,U,,UMPQUA NF - COTTAGE GROVE RD,,,,,,,,,MOONSALT-PILES      ,40,740,,,0,0,,,2,11/12/2015,10:00
154061510005,,,21S-2E-30 / 43.7188 -122.6180,,,G,U,,UMPQUA NF - COTTAGE GROVE RD,,,,,,,,,HOLLAND-PILES       ,20,402,,,0,0,,,0,11/13/2015,10:00
154061510005,,,21S-2E-30 / 43.7188 -122.6180,,,G,U,,UMPQUA NF - COTTAGE GROVE RD,,,,,,,,,HOLLAND-PILES       ,40,347,,,0,0,,,0,11/20/2015,10:00
154061510005,,,21S-2E-30 / 43.7188 -122.6180,,,G,U,,UMPQUA NF - COTTAGE GROVE RD,,,,,,,,,HOLLAND-PILES       ,40,902,,,0,0,,,0,11/12/2015,10:00
164061510007,,,210S-010E-35 / 43.7020 -122.6569,,,H,U,,UMPQUA NF - COTTAGE GROVE RD,,,,,,,,,Doris HP/MP,24,744,,,0,0,,,0,10/18/2016,10:00
164061510004,,,22S-10E-11 / 43.6817 -121.4960,,,H,U,,UMPQUA NF - COTTAGE GROVE RD,,,,,,,,,WINDEE-HP           ,8,234,,,0,0,,,0,10/14/2016,11:00
164061510005,,,20S-10E-31 / 43.7982 -121.5770,,,H,U,,UMPQUA NF - COTTAGE GROVE RD,,,,,,,,,JUNETTA-HP          ,9,263,,,0,0,,,0,10/17/2016,10:00
164061510008,,,22S-10E-19 / 43.6525 -121.5740,,,G,U,,UMPQUA NF - COTTAGE GROVE RD,,,,,,,,,GUMBO-MP            ,17,1356,,,0,0,,,0,10/19/2016,10:00
164061510008,,,22S-10E-19 / 43.6525 -121.5740,,,G,U,,UMPQUA NF - COTTAGE GROVE RD,,,,,,,,,GUMBO-MP            ,18,54,,,0,0,,,0,10/21/2016,10:00
164061510008,,,22S-10E-19 / 43.6525 -121.5740,,,G,U,,UMPQUA NF - COTTAGE GROVE RD,,,,,,,,,GUMBO-MP            ,24,150,,,0,0,,,0,11/10/2016,11:00
164061510008,,,22S-10E-19 / 43.6525 -121.5740,,,G,U,,UMPQUA NF - COTTAGE GROVE RD,,,,,,,,,GUMBO-MP            ,50,120,,,0,0,,,0,10/25/2016,10:00
164061510008,,,22S-10E-19 / 43.6525 -121.5740,,,G,U,,UMPQUA NF - COTTAGE GROVE RD,,,,,,,,,GUMBO-MP            ,61,200,,,0,0,,,0,10/20/2016,10:00
164061510008,,,22S-10E-19 / 43.6525 -121.5740,,,G,U,,UMPQUA NF - COTTAGE GROVE RD,,,,,,,,,GUMBO-MP            ,30,90,,,0,0,,,0,10/24/2016,10:00
164061510009,,,21S-10E-19 / 43.7397 -121.5740,,,G,U,,UMPQUA NF - COTTAGE GROVE RD,,,,,,,,,UPTONENGINE-MP      ,39,100,,,0,0,,,0,10/26/2016,10:00
164061510009,,,21S-10E-19 / 43.7397 -121.5740,,,G,U,,UMPQUA NF - COTTAGE GROVE RD,,,,,,,,,UPTONENGINE-MP      ,52,300,,,0,0,,,0,10/27/2016,10:00
164061510010,,,22S-20E-9 / 43.6770 -120.3260,,,G,U,,UMPQUA NF - COTTAGE GROVE RD,,,,,,,,,HOLLAND-MP          ,15,100,,,0,0,,,0,10/27/2016,12:00
174061510002,,,220S-010E-10 / 43.6745 -122.6769,,,U,U,,UMPQUA NF - COTTAGE GROVE RD,,,,,,,,,Dinner 14h,31,1302,,,9,10,,,15,5/25/2017,03:00
174061510004,,,220S-010E-04 / 43.6877 -122.6966,,,U,U,,UMPQUA NF - COTTAGE GROVE RD,,,,,,,,,Dinner 6,18,270,,,8,10,,,5,6/6/2017,04:00
174061510006,,,210S-010E-35 / 43.7020 -122.6569,,,H,U,,UMPQUA NF - COTTAGE GROVE RD,,,,,,,,,Doris 1 HP,9,19,,,0,0,,,0,10/17/2017,09:00
174061510008,,,210S-010E-22 / 43.7307 -122.6768,,,G,U,,UMPQUA NF - COTTAGE GROVE RD,,,,,,,,,DORIS 13 MP,8,27,,,0,0,,,0,10/18/2017,12:00
174061510009,,,210S-010E-21 / 43.7307 -122.6965,,,G,U,,UMPQUA NF - COTTAGE GROVE RD,,,,,,,,,DORIS 11 MP,7,2,,,0,0,,,0,10/18/2017,11:00
174061510011,,,210S-010E-32 / 43.7017 -122.7165,,,H,U,,UMPQUA NF - COTTAGE GROVE RD,,,,,,,,,"DINNER 3,4 HP/MP",11,14,,,0,0,,,0,10/18/2017,10:00
174061510011,,,210S-010E-32 / 43.7017 -122.7165,,,H,U,,UMPQUA NF - COTTAGE GROVE RD,,,,,,,,,"DINNER 3,4 HP/MP",2,3,,,0,0,,,0,10/20/2017,10:00
174061510011,,,210S-010E-32 / 43.7017 -122.7165,,,H,U,,UMPQUA NF - COTTAGE GROVE RD,,,,,,,,,"DINNER 3,4 HP/MP",8,8,,,0,0,,,0,10/24/2017,11:00
174061510012,,,210S-010E-33 / 43.7020 -122.6966,,,H,U,,UMPQUA NF - COTTAGE GROVE RD,,,,,,,,,"DINNER 2,7H HP",12,27,,,0,0,,,0,10/19/2017,10:00
174061510012,,,210S-010E-33 / 43.7020 -122.6966,,,H,U,,UMPQUA NF - COTTAGE GROVE RD,,,,,,,,,"DINNER 2,7H HP",3,3,,,0,0,,,0,10/20/2017,11:00
174061510012,,,210S-010E-33 / 43.7020 -122.6966,,,H,U,,UMPQUA NF - COTTAGE GROVE RD,,,,,,,,,"DINNER 2,7H HP",2,2,,,0,0,,,0,10/23/2017,11:00
174061510014,,,220S-010E-02 / 43.6882 -122.6569,,,H,U,,UMPQUA NF - COTTAGE GROVE RD,,,,,,,,,DINNER 17 HP,5,16,,,0,0,,,0,10/25/2017,11:00
174061510015,,,220S-010E-07 / 43.6729 -122.7354,,,H,U,,UMPQUA NF - COTTAGE GROVE RD,,,,,,,,,"PARKER WYATT 5, 5H HP",31,42,,,0,0,,,0,10/26/2017,10:00
184061510001,,,210S-010E-35 / 43.7020 -122.6569,,,U,U,,UMPQUA NF - COTTAGE GROVE RD,,,,,,,,,Doris 3 underburn,15,510,,,12,15,,,19,5/30/2018,11:00
184061510002,,,210S-010E-26 / 43.7164 -122.6570,,,U,U,,UMPQUA NF - COTTAGE GROVE RD,,,,,,,,,Doris 9 Underburn,27,972,,,10,14,,,19,5/30/2018,11:50
184061510003,,,210S-010E-21 / 43.7307 -122.6965,,,U,U,,UMPQUA NF - COTTAGE GROVE RD,,,,,,,,,Doris 11 underburn,4,108,,,10,13,,,6,5/22/2018,13:28
184061510004,,,21S-1E-26 / 43.7164 -122.6570,,,G,U,,UMPQUA NF - COTTAGE GROVE RD,,,,,,,,,DORIS 5 MP,34,27,,,0,0,,,0,10/18/2019,09:00
184061510005,,,210S-010E-27 / 43.7164 -122.6768,,,L,U,,UMPQUA NF - COTTAGE GROVE RD,,,,,,,,,DORIS 7 LP,1,10,,,0,0,,,1,12/12/2018,09:30
184061510006,,,20S-1E-31 / 43.7879 -122.7359,,,H,U,,UMPQUA NF - COTTAGE GROVE RD,,,,,,,,,JUNETTA 1 HP,1,17,,,0,0,,,0,11/1/2018,10:00
184061510006,,,20S-1E-31 / 43.7879 -122.7359,,,H,U,,UMPQUA NF - COTTAGE GROVE RD,,,,,,,,,JUNETTA 1 HP,4,17,,,0,0,,,0,10/15/2019,09:00
184061510007,,,200S-010E-31 / 43.7879 -122.7359,,,G,U,,UMPQUA NF - COTTAGE GROVE RD,,,,,,,,,JUNETTA 3 MP,3,12,,,0,0,,,0,11/1/2018,10:00
184061510008,,,210S-010E-16 / 43.7449 -122.6966,,,G,U,,UMPQUA NF - COTTAGE GROVE RD,,,,,,,,,JUNETTA 20 MP,15,32,,,0,0,,,0,12/6/2019,08:00
184061510009,,,210S-010E-16 / 43.7449 -122.6966,,,H,U,,UMPQUA NF - COTTAGE GROVE RD,,,,,,,,,JUNETTA 20 HP,6,11,,,0,0,,,0,12/10/2018,09:30
184061510010,,,210S-010E-16 / 43.7449 -122.6966,,,G,U,,UMPQUA NF - COTTAGE GROVE RD,,,,,,,,,JUNETTA 21 MP,41,29,,,0,0,,,0,12/5/2019,09:00
184061510011,,,210S-010E-30 / 43.7158 -122.7357,,,G,U,,UMPQUA NF - COTTAGE GROVE RD,,,,,,,,,ENGINE 12 MP,2,8,,,0,0,,,0,12/5/2019,10:00
184061510012,,,210S-010E-30 / 43.7158 -122.7357,,,G,U,,UMPQUA NF - COTTAGE GROVE RD,,,,,,,,,ENGINE 13 MP,1,8,,,0,0,,,0,12/5/2019,10:00
184061510013,,,220S-010E-06 / 43.6872 -122.7355,,,H,U,,UMPQUA NF - COTTAGE GROVE RD,,,,,,,,,PARKER WYATT 2 HP,4,10,,,0,0,,,0,12/11/2018,09:30
184061510014,,,220S-010E-06 / 43.6872 -122.7355,,,B,U,,UMPQUA NF - COTTAGE GROVE RD,,,,,,,,,PARKER WYATT 2 LP,2,3,,,0,0,,,0,12/11/2018,09:30
184061510015,,,220S-010E-06 / 43.6872 -122.7355,,,H,U,,UMPQUA NF - COTTAGE GROVE RD,,,,,,,,,PARKER WYATT 4 HP,1,7,,,0,0,,,0,12/11/2018,09:30
184061510016,,,220S-010E-06 / 43.6872 -122.7355,,,L,U,,UMPQUA NF - COTTAGE GROVE RD,,,,,,,,,PARKER WYATT 4 LP,2,3,,,0,0,,,0,12/11/2018,09:30
184061510017,,,220S-010E-07 / 43.6729 -122.7354,,,G,U,,UMPQUA NF - COTTAGE GROVE RD,,,,,,,,,PARKER WYATT 6 MP/LP,10,35,,,0,0,,,0,12/11/2018,09:30
184061510018,,,220S-010E-05 / 43.6874 -122.7165,,,G,U,,UMPQUA NF - COTTAGE GROVE RD,,,,,,,,,PARKER WYATT 8 MP/LP,15,16,,,0,0,,,0,12/11/2018,09:30
184061510019,,,220S-010E-05 / 43.6874 -122.7165,,,L,U,,UMPQUA NF - COTTAGE GROVE RD,,,,,,,,,PARKER WYATT 9 LP,1,7,,,0,0,,,0,12/11/2018,09:30
184061510020,,,22S-1E-17 / 43.6587 -122.7166,,,L,U,,UMPQUA NF - COTTAGE GROVE RD,,,,,,,,,GUMBO 14 MP,16,2,,,0,0,,,1,11/1/2018,10:00
184061560004,,,240S-020E-20 / 43.4768 -122.5980,,,H,U,,UMPQUA NF - NORTH UMPQUA RD,,,,,,,,,Sailboat 32 HP,3,9,,,0,0,,,0,11/1/2018,11:00
191519544101,,,21S-1E-30 / 43.7158 -122.7357,,,H,U,,UMPQUA NF - COTTAGE GROVE RD,,,,,,,,,Upton 27 HP,7,20,,,0,0,,,0,10/17/2019,09:30
191519544102,,,21S-1E-19 / 43.7302 -122.7356,,,G,U,,UMPQUA NF - COTTAGE GROVE RD,,,,,,,,,Engine 39 MP,5,21,,,0,0,,,0,12/4/2019,10:00
191519544103,,,21S-1E-19 / 43.7302 -122.7356,,,H,U,,UMPQUA NF - COTTAGE GROVE RD,,,,,,,,,Engine 40 HP,2,9,,,0,0,,,0,10/17/2019,09:30
191519544105,,,21S-1E-19 / 43.7302 -122.7356,,,H,U,,UMPQUA NF - COTTAGE GROVE RD,,,,,,,,,Engine 43 HP,4,8,,,0,0,,,0,10/16/2019,10:00
191519544106,,,21S-1E-18 / 43.7444 -122.7357,,,G,U,,UMPQUA NF - COTTAGE GROVE RD,,,,,,,,,Engine 44 MP,5,15,,,0,0,,,0,10/16/2019,10:00
191519544107,,,21S-1E-18 / 43.7444 -122.7357,,,G,U,,UMPQUA NF - COTTAGE GROVE RD,,,,,,,,,Engine 46 MP,4,17,,,0,0,,,0,10/16/2019,10:00
191519843701,,,21S-1E-31 / 43.7014 -122.7356,,,G,U,,UMPQUA NF - COTTAGE GROVE RD,,,,,,,,,Parker Wyatt 1 LP,1,12,,,0,0,,,0,12/6/2019,10:00
191519843702,,,22S-1E-14 / 43.6601 -122.6571,,,G,U,,UMPQUA NF - COTTAGE GROVE RD,,,,,,,,,Parker Wyatt 10 LP,25,72,,,0,0,,,0,10/9/2019,09:30
191519920101,,,22S-1E-07 / 43.6729 -122.7354,,,G,U,,UMPQUA NF - COTTAGE GROVE RD,,,,,,,,,Gumbo 2 MP,63,210,,,0,0,,,0,12/5/2019,10:00
191519920102,,,22S-1E-07 / 43.6729 -122.7354,,,G,U,,UMPQUA NF - COTTAGE GROVE RD,,,,,,,,,Gumbo 3 MP,5,114,,,0,0,,,0,12/4/2019,10:00
194061510006,,,21S-1E-31 / 43.7014 -122.7356,,,G,U,,UMPQUA NF - COTTAGE GROVE RD,,,,,,,,,Laying Creek W.C. MP,2,15,,,0,0,,,0,12/10/2019,09:00
191517444505,,,22S-1E-30 / 43.6307 -122.7356,,,G,U,,UMPQUA NF - COTTAGE GROVE RD,,,,,,,,,White 1 LP,5,30,,,0,0,,,0,12/3/2019,09:00
191517444506,,,22S-1E-31 / 43.6167 -122.7356,,,G,U,,UMPQUA NF - COTTAGE GROVE RD,,,,,,,,,White 3 LP,1,5,,,0,0,,,0,10/23/2019,09:00
191517444507,,,23S-1E-06 / 43.6035 -122.7336,,,G,U,,UMPQUA NF - COTTAGE GROVE RD,,,,,,,,,White 4 LP,2,9,,,0,0,,,0,10/23/2019,09:00
191517444508,,,23S-1E-06 / 43.6035 -122.7336,,,G,U,,UMPQUA NF - COTTAGE GROVE RD,,,,,,,,,White 5 LP,3,16,,,0,0,,,0,10/23/2019,09:00
191517444509,,,23S-1E-06 / 43.6035 -122.7336,,,G,U,,UMPQUA NF - COTTAGE GROVE RD,,,,,,,,,White 6 LP,1,5,,,0,0,,,0,10/23/2019,09:00
191517444510,,,23S-1E-06 / 43.6035 -122.7336,,,G,U,,UMPQUA NF - COTTAGE GROVE RD,,,,,,,,,White 7 LP,1,5,,,0,0,,,0,10/23/2019,09:00
191517444511,,,23S-1W-01 / 43.6018 -122.7534,,,G,U,,UMPQUA NF - COTTAGE GROVE RD,,,,,,,,,White 8 LP,1,5,,,0,0,,,0,10/23/2019,09:00
191517444512,,,23S-1W-01 / 43.6018 -122.7534,,,G,U,,UMPQUA NF - COTTAGE GROVE RD,,,,,,,,,White 9 LP,3,15,,,0,0,,,0,10/23/2019,09:00
191517444513,,,21S-1E-31 / 43.7014 -122.7356,,,G,U,,UMPQUA NF - COTTAGE GROVE RD,,,,,,,,,Thomas 2 MP,2,6,,,0,0,,,0,12/5/2019,10:00
191519544108,,,21S-1E-19 / 43.7302 -122.7356,,,G,U,,UMPQUA NF - COTTAGE GROVE RD,,,,,,,,,Engine 45 MP,58,212,,,0,0,,,0,12/4/2019,10:00
194061510008,,,22S-1E-11 / 43.6745 -122.6570,,,G,U,,UMPQUA NF - COTTAGE GROVE RD,,,,,,,,,Dinner 20 MP,2,60,,,0,0,,,0,12/10/2019,09:00
194061510008,,,22S-1E-11 / 43.6745 -122.6570,,,G,U,,UMPQUA NF - COTTAGE GROVE RD,,,,,,,,,Dinner 20 MP,3,60,,,0,0,,,0,12/11/2019,09:00
201519544104,,,21S-1E-30 / 43.7158 -122.7357,,,G,U,,UMPQUA NF - COTTAGE GROVE RD,,,,,,,,,Upton 11 GP,20,18,,,0,0,,,0,11/16/2020,07:00
201519544106,,,21S-1E-29 / 43.7162 -122.7164,,,G,U,,UMPQUA NF - COTTAGE GROVE RD,,,,,,,,,Upton 16 GP,5,8,,,0,0,,,0,11/16/2020,07:00
201519544109,,,21S-1E-20 / 43.7305 -122.7163,,,G,U,,UMPQUA NF - COTTAGE GROVE RD,,,,,,,,,Upton 26 GP,4,6,,,0,0,,,0,11/16/2020,07:00
201519843705,,,22S-1E-16 / 43.6594 -122.6970,,,G,U,,UMPQUA NF - COTTAGE GROVE RD,,,,,,,,,Parker Wyatt 16 GP,16,42,,,0,0,,,0,11/16/2020,07:00
201519843706,,,22S-1E-20 / 43.6451 -122.7167,,,G,U,,UMPQUA NF - COTTAGE GROVE RD,,,,,,,,,Parker Wyatt 17 GP,4,20,,,0,0,,,0,11/16/2020,09:00
201519843707,,,22S-1E-21 / 43.6456 -122.6971,,,G,U,,UMPQUA NF - COTTAGE GROVE RD,,,,,,,,,Parker Wyatt 18 GP,9,40,,,0,0,,,0,11/16/2020,07:00
201519843709,,,22S-1E-28 / 43.6311 -122.6971,,,G,U,,UMPQUA NF - COTTAGE GROVE RD,,,,,,,,,Parker Wyatt 20 GP,6,18,,,0,0,,,0,11/16/2020,07:00
201519843710,,,22S-1E-28 / 43.6311 -122.6971,,,H,U,,UMPQUA NF - COTTAGE GROVE RD,,,,,,,,,Parker Wyatt 20 HP,1,1,,,0,0,,,0,11/16/2020,07:00
201519843711,,,22S-1E-28 / 43.6311 -122.6971,,,G,U,,UMPQUA NF - COTTAGE GROVE RD,,,,,,,,,Parker Wyatt 21 GP,12,18,,,0,0,,,0,11/16/2020,07:00
201519843712,,,22S-1E-33 / 43.6167 -122.6970,,,G,U,,UMPQUA NF - COTTAGE GROVE RD,,,,,,,,,Parker Wyatt 22 GP,11,65,,,0,0,,,0,11/16/2020,07:00
214062110001,,,21S-1E-16 / 43.7470 -121.7040,,,B,U,,UMPQUA NF - COTTAGE GROVE RD,,,,,,,,,Juentta 20,12,360,,,,,,,,4/22/2021,08:30
191569330601,,,24S-2E-16 / 43.4864 -122.5784,,,U,U,,UMPQUA NF - NORTH UMPQUA RD,,,,,,,,,Sailboat 39,7,182,,,6,19,,,4,4/30/2021,09:00
191569330602,,,24S-2E-16 / 43.4864 -122.5784,,,U,U,,UMPQUA NF - NORTH UMPQUA RD,,,,,,,,,Sailboat 45,25,725,,,7,20,,,27,4/23/2021,10:00
County Total:,,,,,,,,,,,,,,,,,,,2681,35370,,,,,,,,,
Umpqua NF District Total:,,,,,,,,,,,,,,,,,,,12355,119912,,,,,,,,,
